:020000040800F2
:10000000D05E002055020008154E0008D1470008B8
:10001000F54D000851060008D15A00080000000004
:10002000000000000000000000000000014F000878
:10003000790F000800000000914E0008354F0008BD
:100040006F0200086F0200086F0200086F020008CC
:100050006F0200086F0200086F0200086F020008BC
:100060006F0200086F0200086F0200086F020008AC
:100070006F0200086F0200086F0200086F0200089C
:100080003D0C00084D0C00086F0200086F020008CC
:1000900055060008650600086F0200086F02000898
:1000A0006F020008295000086F0200086F02000864
:1000B00039500008495000086F0200086F0200081C
:1000C0006F0200086F0200086F0200086F0200084C
:1000D0006F020008B15A0008C15A00086F020008F8
:1000E0006F0200086F0200086F0200086F0200082C
:1000F0006F0200086F0200086F0200086F0200081C
:100100006F0200086F0200086F0200086F0200080B
:100110006F0200086F0200086F0200086F020008FB
:100120006F0200086F0200085D0C00086F020008F3
:100130006F02000800000000000000006F020008CD
:1001400075060008850600086F0200086F020008A7
:100150006F0200086F0200086D0C00086F020008B3
:100160006F0200086F0200086F0200086F020008AB
:100170006F0200086F02000800000000000000008D
:100180006F0200086F02000800F002F800F052F859
:1001900014A696E8000CB244B344DA4501D100F04D
:1001A00049F8BAE80F000FA696E83000A5EB040561
:1001B00004EB0607AAEB0704A7F101074FEA1515A0
:1001C0004FEA3414A4F10104AC4201D300F032F838
:1001D00013F0010F18BFFB1A43F0010300F001F800
:1001E000DBE718472099000040990000103A24BF2F
:1001F00078C878C1FAD8520724BF30C830C144BF8C
:1002000004680C6070470000704700000023002461
:1002100000250026103A28BF78C1FBD8520728BF16
:1002200030C148BF0B6070471FB509F000FC1FBD0F
:1002300010B510BD00F054F91146FFF7F5FF06F0B8
:10024000A3FA00F072F903B4FFF7F2FF03BC00F069
:1002500075F900000948804709480047FEE7FEE7B6
:10026000FEE7FEE7FEE7FEE7FEE7FEE7FEE7FEE766
:1002700004480549054A064B704700001550000820
:1002800089010008D0520020D05E0020D05A002002
:10029000D05A002053EA020C00F069802DE9F04B9F
:1002A0004FF00006002B1FBFB3FA83F503FA05F4E5
:1002B00024FA05F65E4012BF1643B2FA82F502FA3E
:1002C00005F4C5F120051EBF22FA05FC44EA0C0422
:1002D000203556EA044C4FEA144418BF641C4FF012
:1002E00000084FF00009904271EB030C39D300294C
:1002F00019BFB1FA81F701FA07F6B0FA80F700FAF0
:1003000007F6C7F120071EBF20FA07FC46EA0C06D5
:100310002037B6FBF4FCA7EB0507103F07F01F0BD7
:10032000CBF120062CFA06F60CFA0BFB44BFB346C1
:100330000026202FA4BF5E464FF0000B5BEA060CA0
:1003400008BF4FF0010B19EB0B0948EB0608ABFB9C
:10035000027C06FB02CC0BFB03CCC01B71EB0C0137
:10036000C1E70B46024641464846BDE8F08B13B54F
:10037000084318BF4FF0FF300146AFF30080BDE8DF
:100380001C407047032A40F2308010F0030C00F04C
:10039000158011F8013BBCF1020F624498BF11F8BF
:1003A00001CB00F8013B38BF11F8013BA2F1040278
:1003B00098BF00F801CB38BF00F8013B11F00303F0
:1003C00000F05780083AC0F0088051F8043B083A22
:1003D00051F804CBA0E80810F5E7121D5CBF51F8F6
:1003E000043B40F8043BAFF30080D20724BF11F870
:1003F000013B11F801CB48BF11F8012B24BF00F8D5
:10040000013B00F801CB48BF00F8012B704702F018
:10041000FF0343EA032242EA024200F002B84FF02F
:10042000000200B5134694469646203922BFA0E844
:100430000C50A0E80C50B1F12001BFF4F7AF090750
:1004400028BFA0E80C5048BF0CC05DF804EB890041
:1004500028BF40F8042B08BF704748BF20F8022B84
:1004600011F0804F18BF00F8012B7047704770479C
:10047000704710B5203AC0F00B80B1E81850A0E8E2
:100480001850B1E81850A0E81850203ABFF4F5AF62
:100490005FEA027C24BFB1E81850A0E8185044BFBE
:1004A00018C918C0BDE810405FEA827C24BF51F82B
:1004B000043B40F8043B08BF7047D20728BF31F81F
:1004C000023B48BF11F8012B28BF20F8023B48BF70
:1004D00000F8012B70470000004870471000002012
:1004E0007546FFF7F9FFAE4605006946534620F012
:1004F0000700854618B020B5FFF7BAFEBDE82040DA
:100500004FF000064FF000074FF000084FF0000BCF
:10051000AC46ACE8C009ACE8C009ACE8C009ACE83E
:10052000C00921F007018D46704710B50446AFF3AE
:1005300000802046BDE81040FFF785BE0149182025
:10054000ABBEFEE7260002007047000080B586B013
:100550000590FFE740F27001C2F2000108788DF8C3
:100560001300002008708DF81200FFE79DF81200BC
:100570009DF8131088421DDAFFE70020C4F2020044
:1005800002904FF480710191012202F009FA2820B3
:10059000039006F027F901990298002202F000FA70
:1005A000039806F01FF9FFE79DF8120001308DF85F
:1005B0001200DBE7012006F015F9CBE781B08DF8DA
:1005C00003009DF8030040F27001C2F200010870C0
:1005D00001B0704780B586B00020C4F202000290DE
:1005E0004FF4807103910122019202F0D9F9C820E1
:1005F000009001F0D7FF029803990022049202F0C4
:10060000CFF9009801F0CEFF019A0298039902F009
:10061000C7F93220059001F0C5FF02980399049AAA
:1006200002F0BEF9059801F0BDFF019A0298039906
:1006300002F0B6F9059801F0B5FF02980399049A03
:1006400002F0AEF9059801F0ADFF06B080BD0000E4
:10065000FFE7FEE780B540F21060C2F2000000F054
:10066000BFFF80BD80B540F21060C2F2000000F014
:10067000B7FF80BD80B540F23860C2F2000000F0E4
:10068000AFFF80BD80B540F23860C2F2000000F0DC
:10069000A7FF80BD80B58CB00A9000200390029027
:1006A00001900A9800F0F2F820B1FFE700208DF8E1
:1006B0002F005CE00A98017801EB410100EBC100DA
:1006C00000690690002007900A98017801EB41012B
:1006D00000EBC100007B08900898092803D3FFE7CE
:1006E00008200890FFE700208DF82400069848B9FC
:1006F000FFE70A98017801EB410100EBC100806837
:10070000049008E00A98017801EB410100EBC10078
:1007100080680590FFE70A98017801EB410100EB42
:10072000C10000F11401089A02A80090FFF72AFE08
:10073000009A0A98406804A901AB00F0C7FC20B1F8
:10074000FFE700208DF82F0011E00A9908780130AA
:1007500045F25652C1F25552A0FB023202EB420260
:10076000A0EB8200087001208DF82F00FFE79DF8B4
:100770002F000CB080BD000070B58AB0119D109C98
:10078000DDF83CE0DDF838C0129E09950894CDF8FC
:100790001CE0CDF818C005930492039102900298D2
:1007A00000F080F808B1FFE746E00798092803D376
:1007B000FFE70820019003E09DF81C000190FFE78F
:1007C000019802994A7802EB420201EBC2010873D8
:1007D000059802994A7802EB420201EBC2010861D6
:1007E000059818B9FFE70398009002E0049800907C
:1007F000FFE7009802994A7802EB420201EBC2013E
:1008000088600298417801EB410100EBC10202F1DE
:1008100014001299127BFFF7B5FD02994878013058
:1008200045F25652C1F25552A0FB023202EB42028F
:10083000A0EB82004870FFE70AB070BD40F6C060D0
:10084000C2F200000078C00708B1FFE71DE040F2E7
:100850007802C2F2000200205070107040F2A01125
:10086000C2F200014870087040F21060C2F200004D
:10087000506040F23860C2F20000486040F6C0614B
:10088000C2F2000101200870FFE7704781B00090BC
:10089000009908784978401AB0FA80F0400901B010
:1008A0007047000081B000900098017840780130D6
:1008B00045F25652C1F25552A0FB023202EB4202FF
:1008C000A0EB8200401AB0FA80F0400901B07047F6
:1008D00083B08DED020A9DED020A40F2CC21C2F2F6
:1008E000000191ED001A30EE410A8DED010A9DEDF7
:1008F000010A9FED171A80EE010A9FED161A20EEED
:10090000010A8DED000A40F22842C2F2000292ED87
:10091000080A9DED001A30EE410A40F22040C2F272
:10092000000080ED000A0068906092ED300A9DEDB5
:10093000001A30EE410A40F22440C2F2000080ED7D
:10094000000A0068C2F8A8000298086003B0704767
:100950007B141D430000B4437047000080B582B093
:1009600040F20860C2F200000078C00708B9FFE753
:1009700035E040F20860C2F20000C07808B9FFE735
:100980002DE040F20860C2F20000C1780171002140
:10099000C170007901380146019107281ED80199DC
:1009A000DFE801F004070A0D1013161900F04AF8E9
:1009B00015E000F0FBF812E000F0B2F80FE000F0F4
:1009C00011F80CE000F0A2F809E000F021F906E0CF
:1009D000FFF7C2FF03E000F0ADF800E0FFE702B070
:1009E00080BD000080B540F2E070C2F2000090EDE2
:1009F000010AFFF76DFF80BD40F20861C2F20001FD
:100A0000012008700620C87008710020487040F26C
:100A1000E072C2F200020021C4F29631516091608E
:100A2000116040F2CC21C2F20001086040F2204186
:100A3000C2F20001086040F22441C2F200010860E5
:100A40007047000080B582B040F20860C2F200003A
:100A50004078C00748BBFFE740F20861C2F20001DE
:100A6000002008700190FFE70198022815D8FFE7E1
:100A7000019800EB8000420140F22841C2F20001DF
:100A800000208854019A02EB820201EB4211487067
:100A9000FFE7019801300190E6E70320002107F00D
:100AA00057F90220FFF78AFD2EE040F20860C2F2FB
:100AB00000004078C00730B3FFE700200090FFE758
:100AC0000098022816D8FFE7009800EB800042014A
:100AD00040F22840C2F2000001218154009901EB4C
:100AE000810100EB411103204870FFE700980130BD
:100AF0000090E5E740F20861C2F2000101200870B1
:100B0000FFF75CFDFFE7FFE702B080BD80B540F274
:100B1000E070C2F2000090ED020AFFF7D9FE80BD3E
:100B200080B540F2E070C2F2000090ED000AFFF7DD
:100B3000CFFE80BD80B586B000200490FFE704980A
:100B4000012815D8FFE7049800EB8000420140F22D
:100B50002841C2F2000100208854049A02EB82026C
:100B600001EB42114870FFE7049801300490E6E77A
:100B70000020C4F2020002904FF480710191012222
:100B8000039201F00DFF642005F02CFE01990298FC
:100B9000002201F005FF142005F024FE03980590C3
:100BA000059880F3138805F0DBFD000080B582B066
:100BB00040F20860C2F200008078014601910328EB
:100BC00018D80199DFE801F002070C110320002179
:100BD00007F0BEF80FE003200F2107F0B9F80AE094
:100BE0000320012107F0B4F805E00320022107F0FB
:100BF000AFF800E0FFE702B080BD000080B582B032
:100C00000190FFE7FFF7AAFE012005F0EBFDF9E7F1
:100C100080B59FED020AFFF75BFE80BD000000007B
:100C200081B08DED000A9DED000A9FED031A80EE64
:100C3000010A01B0704700BF0000B44380B540F224
:100C40002070C2F2000001F003FA80BD80B540F2CE
:100C50008070C2F2000001F0FBF980BD80B540F267
:100C60006060C2F2000001F0F3F980BD80B540F28F
:100C7000C060C2F2000001F0EBF980BD82B00190CB
:100C80000198007810384AF6AB21CAF6AA21A0FBD9
:100C9000011000090090009949F6A820C0F6000054
:100CA000405C0199C8650098042807D3FFE70199C3
:100CB0000868042262F30900886506E00199086863
:100CC00040F2FF3290438865FFE70198806D02B0E3
:100CD0007047000086B0059000208DF8130005983D
:100CE000806A03900598806910BBFFE70398029023
:100CF00003281BD80299DFE801F0020D02180598BD
:100D000090F82F00C00720B1FFE701208DF81300F5
:100D1000FFE70CE00598C06AB0F1C07F04D1FFE79F
:100D200001208DF81300FFE701E000E0FFE745E058
:100D300005988069B0F5005F25D1FFE70398019021
:100D400003281ED80199DFE801F0020602110120F4
:100D50008DF8130016E0059890F82F00C00720B119
:100D6000FFE701208DF81300FFE70BE00598C06A4C
:100D7000B0F1C07F04D1FFE701208DF81300FFE739
:100D800000E0FFE719E003980090032804D3FFE791
:100D90000098032804D00EE001208DF813000BE02A
:100DA000059890F82F00C00720B1FFE701208DF8CB
:100DB0001300FFE700E0FFE7FFE7FFE79DF8130000
:100DC00006B0704784B0039002910192009303989B
:100DD0000168086820F48020086000980399096879
:100DE000486003988068402809D1FFE7019803997B
:100DF00009688860029803990968C86008E0029849
:100E0000039909688860019803990968C860FFE739
:100E100004B0704780B582B08DF8060040F2DC2047
:100E2000C2F2000090F80601012872D1FFE79DF898
:100E3000061040F2DC20C2F2000080F8011190F8A8
:100E400001015A2857D1FFE700208DF805000090D6
:100E5000FFE7009840F2DC21C2F2000191F8021194
:100E60000139884210DAFFE7009940F2DC20C2F233
:100E70000000415C9DF8050008448DF80500FFE77F
:100E8000009801300090E4E740F2DC21C2F200015A
:100E9000002081F8060191F80201084410F8010CC5
:100EA0009DF80510884225D1FFE740F2DC20C2F210
:100EB000000090F80201232814D1FFE740F2E4304B
:100EC000C2F2000000F05AF801280AD0FFE740F211
:100ED000DC21C2F20001002081F802018DF8070038
:100EE00046E0FFE740F2DC21C2F20001002081F879
:100EF0000201FFE70CE09DF8060040F2DC21C2F29F
:100F0000000191F80221531C81F802318854FFE757
:100F100015E09DF8061040F2DC20C2F2000080F8D7
:100F2000001190F80001A52808D1FFE740F2DC216C
:100F3000C2F20001012081F80601FFE7FFE740F25D
:100F4000DC20C2F2000090F8020180280CDBFFE7F1
:100F500040F2DC21C2F20001002081F8060181F894
:100F600002018DF8070003E001208DF80700FFE77C
:100F70009DF8070002B080BD7047000086B0049065
:100F800000208DF80F008DF80E000290FFE7029808
:100F900011281CDCFFE70298C11700EB5170C1104B
:100FA00040F2DC20C2F20000405C9DF80E104A1CAA
:100FB0008DF80E2001F00701C84000F001000499EF
:100FC000029A8854FFE7029801300290DFE703207D
:100FD0008DF80F0000208DF80700FFE79DF807004F
:100FE000022816DCFFE79DF80F10481C8DF80F0053
:100FF00040F2DC20C2F20000405C04999DF807201A
:1010000011448874FFE79DF8070001308DF8070050
:10101000E4E700200090FFE70098062816DCFFE7D1
:101020000498009900EB81019DF80F2040F2DC202C
:10103000C2F20000805888619DF80F0004308DF8DE
:101040000F00FFE7009801300090E5E79DF80F00E2
:10105000222804D0FFE700208DF8170003E00120CC
:101060008DF81700FFE79DF8170006B070470000E5
:1010700072B6FFE7FEE7000084B00290019102988B
:1010800090F820008DF803009DF80300012805D09A
:10109000FFE79DF8030002280AD1FFE7019A0298B2
:1010A000016848691043486100208DF80F0008E08E
:1010B0000299486A40F48020486201208DF80F00B0
:1010C000FFE79DF80F0004B07047000088B006905D
:1010D000059104920393069890F820008DF807007C
:1010E00006980068806800900598806808B9FFE756
:1010F00000E0FFE79DF80700012806D0FFE79DF814
:101100000700022840F08080FFE79DF803004007B9
:1011100000280CD4FFE79DF803000007002806D440
:10112000FFE79DF80300C006002864D5FFE700989C
:10113000C0F3016002900299012088400399086081
:101140000598806868B9FFE705980168C06840EABB
:10115000415006990968029A01EB0211C1F8800119
:101160000EE005994A688868C96840EAC2000843E9
:1011700006990968029A01EB0211C1F88001FFE7A4
:101180000598006906990968029A01EB0211C1F8F5
:1011900084010598007D01280CD1FFE706980068BE
:1011A000029900EB0111D1F8840140F48070C1F87C
:1011B0008401FFE70498406806990968029A01EBE8
:1011C0000211C1F88C010498006806990968029A16
:1011D00001EB0211C1F8880106980068029900EB42
:1011E0000111D1F8800140F00100C1F88001002018
:1011F0008DF81F0011E00699486A40F4001048621B
:1012000001208DF81F0008E00699486A40F480200C
:10121000486201208DF81F00FFE79DF81F0008B00D
:101220007047000086B004900391049890F8200065
:101230008DF803009DF80300012806D0FFE79DF814
:101240000300022840F0B080FFE746F20040C4F2FD
:10125000000001900199D1F8000240F00100C1F8AE
:1012600000020199D1F8000220F47C50C1F800027C
:101270000398426A0199D1F8000240EA0220C1F8BD
:1012800000020398406900F01F010120884002908D
:10129000029A0199D1F81C029043C1F81C020398EC
:1012A000C069F0B9FFE7029A0199D1F80C029043A6
:1012B000C1F80C02039A9088D168526940EA014053
:1012C000019901EBC201C1F84002039A10889168AC
:1012D000526940EA0140019901EBC201C1F84402A0
:1012E000FFE70398C06901281ED1FFE7029A019920
:1012F000D1F80C021043C1F80C02039A90881168CF
:10130000526940EA0140019901EBC201C1F8400273
:10131000039A90899168526940EA0140019901EB72
:10132000C201C1F84402FFE70398806940B9FFE7B2
:10133000029A0199D1F804029043C1F8040207E02F
:10134000029A0199D1F804021043C1F80402FFE7A0
:101350000398006940B9FFE7029A0199D1F8140295
:101360009043C1F8140207E0029A0199D1F81402DF
:101370001043C1F81402FFE70398006A012808D15E
:10138000FFE7029A0199D1F81C021043C1F81C0230
:10139000FFE70199D1F8000220F00100C1F8000236
:1013A00000208DF8170008E00499486A40F4802076
:1013B000486201208DF81700FFE79DF8170006B07E
:1013C0007047000081B0009001B0704786B0049073
:1013D000039102920193049890F820008DF8030085
:1013E0009DF80300012806D0FFE79DF803000228BE
:1013F00040F0E880FFE7039880B9FFE704980068B1
:10140000C068800748B9FFE70499486A40F40010B3
:10141000486201208DF81700DDE00FE004980068B5
:101420000069800748B9FFE70499486A40F4001052
:10143000486201208DF81700CDE0FFE704980068AE
:10144000039900EB0110D0F8B00100F004000299FC
:1014500088600298806858B9FFE70498006803998B
:1014600000EB0110D0F8B001400D029908600AE0CD
:1014700004980068039900EB0110D0F8B001C0088F
:1014800002994860FFE704980068039900EB011097
:10149000D0F8B00100F002000299C860049800681A
:1014A000039900EB0110D0F8B40100F00F000828F8
:1014B00004D3FFE70299082008610BE00498006854
:1014C000039900EB0110D0F8B40100F00F0002996D
:1014D0000861FFE704980068039900EB0110D0F859
:1014E000B40180B2000A02998861049800680399E7
:1014F00000EB0110D0F8B401000C02994861049887
:101500000068039900EB0110D0F8B8010199087048
:1015100004980068039900EB0110D0F8B801000AA4
:101520000199487004980068039900EB0110D0F805
:10153000B801000C0199887004980068039900EBC9
:101540000110D0F8B801000E0199C8700498006825
:10155000039900EB0110D0F8BC01019908710498BF
:101560000068039900EB0110D0F8BC01000A019952
:10157000487104980068039900EB0110D0F8BC0191
:10158000000C0199887104980068039900EB011020
:10159000D0F8BC01000E0199C871039838B9FFE773
:1015A00004980168C86840F02000C86006E004980C
:1015B0000168086940F020000861FFE700208DF80D
:1015C000170008E00499486A40F48020486201202E
:1015D0008DF81700FFE79DF8170006B07047000070
:1015E00080B58AB009900020089009980068406989
:1015F000079009980068406806900998006880681C
:10160000059009980068C06804900998006800690E
:10161000039009980068806902909DF81C00C0073B
:10162000002800F09480FFE79DF81400C00758B32D
:10163000FFE709980168012088609DF81400800781
:10164000002804D5FFE7099800F052FC1BE09DF844
:1016500014004007002805D5FFE7089840F4006013
:1016600008900FE09DF814000007002805D5FFE75B
:10167000089840F48050089003E0099800F034FC8A
:10168000FFE7FFE7FFE7FFE79DF81500C00760B33E
:10169000FFE7099801684FF4807088609DF8150095
:1016A0008007002804D5FFE7099800F029FC1BE01B
:1016B0009DF815004007002805D5FFE7089840F47D
:1016C000005008900FE09DF815000007002805D590
:1016D000FFE7089840F48040089003E0099800F084
:1016E0000BFCFFE7FFE7FFE7FFE79DF81600C007E9
:1016F00060B3FFE7099801684FF4803088609DF877
:1017000016008007002804D5FFE7099800F000FCC8
:101710001BE09DF816004007002805D5FFE7089854
:1017200040F4004008900FE09DF8160000070028E4
:1017300005D5FFE7089840F48030089003E0099849
:1017400000F0E2FBFFE7FFE7FFE7FFE7FFE79DF8B9
:101750001C000007002810D5FFE79DF81000C00608
:10176000002809D5FFE7089840F400700890099810
:1017700001681020C860FFE7FFE79DF81C004007E4
:1017800000280FD5FFE79DF810000007002808D5B6
:10179000FFE7099801680820C860099800F0E2FA9C
:1017A000FFE7FFE79DF81C00800700280BD5FFE747
:1017B00009980068C068800720B1FFE7099800F029
:1017C000D5FAFFE7FFE79DF81C004006002810D57A
:1017D000FFE79DF80C00C006002809D5FFE7089830
:1017E00040F4806008900998016810200861FFE7C4
:1017F000FFE79DF81C00800600280FD5FFE79DF845
:101800000C000007002808D5FFE7099801680820A8
:101810000861099800F0D6FAFFE7FFE79DF81C0081
:10182000C00600280BD5FFE709980068006980070B
:1018300020B1FFE7099800F0C9FAFFE7FFE79DF83C
:101840001E00800700280FD5FFE79DF81800C0068E
:10185000002808D5FFE7099801681020486009981A
:1018600000F0F8FAFFE7FFE79DF81E00C00778B127
:10187000FFE79DF818000007002808D5FFE7099842
:10188000016808204860099800F046FBFFE7FFE781
:101890009DF81D000006002840F18D80FFE79DF8AF
:1018A00018004007002840F18180FFE79DF81D00E7
:1018B000C00750B1FFE79DF80800C00728B1FFE757
:1018C000089840F001000890FFE79DF81D00800790
:1018D00000280BD5FFE79DF808008007002805D5F4
:1018E000FFE7089840F002000890FFE79DF81D0010
:1018F000400700280BD5FFE79DF8080040070028A7
:1019000005D5FFE7089840F004000890FFE79DF830
:101910001D000007002848D5FFE79DF8080010F0DB
:10192000700F42D0FFE7029800F07000014601916D
:10193000102814D0FFE70198202815D0FFE7019860
:10194000302816D0FFE70198402817D0FFE701980C
:10195000502818D0FFE70198602819D01DE008989A
:1019600040F00800089019E0089840F01000089036
:1019700014E0089840F0200008900FE0089840F02C
:10198000400008900AE0089840F08000089005E0C8
:10199000089840F48070089000E0FFE7099801681B
:1019A000886920F070008861FFE7FFE70998016807
:1019B00004204860FFE7089848B1FFE7089A0999B2
:1019C000486A104348620998FFF7FCFCFFE70AB039
:1019D00080BD000080B584B00290029820B9FFE776
:1019E00001208DF80F00E0E0029890F8200020B967
:1019F000FFE7029800F0DEF8FFE702980168086848
:101A000040F00100086000F0E3FF0190FFE702985A
:101A100000684068C007A8B9FFE700F0D9FF019946
:101A2000401A0B280DD3FFE70299486A40F40030B2
:101A300048620299052081F8200001208DF80F00EE
:101A4000B3E0E4E702980168086820F0020008604B
:101A500000F0BEFF0190FFE7029800684068800731
:101A6000002815D5FFE700F0B3FF0199401A0B28B5
:101A70000DD3FFE70299486A40F4003048620299AA
:101A8000052081F8200001208DF80F008DE0E3E7AC
:101A90000298007E012807D1FFE7029801680868D4
:101AA00040F08000086006E002980168086820F0B5
:101AB00080000860FFE70298407E012807D1FFE719
:101AC00002980168086840F04000086006E002984B
:101AD0000168086820F040000860FFE70298807EF7
:101AE000012807D1FFE702980168086840F020004C
:101AF000086006E002980168086820F0200008608D
:101B0000FFE70298C07E012807D1FFE7029801682D
:101B1000086820F01000086006E002980168086874
:101B200040F010000860FFE70298007F012807D10D
:101B3000FFE702980168086840F00800086006E0C6
:101B400002980168086820F008000860FFE7029822
:101B5000407F012807D1FFE702980168086840F03C
:101B60000400086006E002980168086820F004009C
:101B70000860FFE7029B19685A689868D3F80CC0A0
:101B800040EA0C00D3F810C040EA0C005B6918432F
:101B9000013A1043C861029900204862029A01216B
:101BA00082F820108DF80F00FFE79DF80F0004B0B9
:101BB00080BD000080B594B0139000201290119069
:101BC00010900F900E901398006846F20041C4F2F6
:101BD0000001884254D1FFE740F2D020C2F2000059
:101BE0000168013101600068012812D1FFE7FFE7B9
:101BF00000200D9043F64000C4F20200016841F05D
:101C000000710160006800F000700D900D98FFE712
:101C1000FFE7FFE700200C9043F63000C4F202001B
:101C2000016841F001010160006800F001000C90C2
:101C30000C98FFE74FF4C0500E9002200F90002048
:101C40000790109003201190092012900020C4F2F8
:101C500002000EA900F0C8FC079A14200590052187
:101C6000069100F089FF059800F07CFF0699079A1D
:101C70001520089000F080FF089800F073FF6EE0D8
:101C80001398006846F60001C4F20001884265D14D
:101C9000FFE7FFE700200B9043F64000C4F202008C
:101CA000016841F080610160006800F080600B9085
:101CB0000B98FFE740F2D020C2F20000016801312A
:101CC00001600068012812D1FFE7FFE700200A90B9
:101CD00043F64000C4F20200016841F00071016067
:101CE000006800F000700A900A98FFE7FFE7FFE73E
:101CF0000020099043F63000C4F20200016841F070
:101D000002010160006800F0020009900998FFE7F5
:101D100060200E9002200F9000200390109003206E
:101D200011900920129040F20040C4F202000EA966
:101D300000F05AFC039A402001900521029100F026
:101D40001BFF019800F00EFF0299039A41200490B6
:101D500000F012FF049800F005FFFFE7FFE714B062
:101D600080BD000081B0009001B0704780B58AB09E
:101D700009900998006846F20041C4F200018842C7
:101D80000AD1FFE70998002102AA6B46FFF71EFB64
:101D900008B9FFE7FFE713E00998006846F600017D
:101DA000C4F2000188420AD1FFE70998002102AA83
:101DB0006B46FFF70BFB08B9FFE7FFE7FFE7FFE71D
:101DC0000AB080BD81B0009001B0704770B590B08E
:101DD0000F900F98006846F20041C4F2000188425B
:101DE0000AD1FFE70F98012108AA06ABFFF7EEFA28
:101DF00008B9FFE7FFE72AE00F98006846F6000100
:101E0000C4F20001884221D1FFE70F98012108AAFE
:101E100006ABFFF7DBFAC0B9FFE7089809990A9A01
:101E20000B9BDDF830C00D9C0E9DEE460126CEF8D2
:101E3000106006AECEF80C60CEF80850CEF8044024
:101E4000CEF800C004F06AF8FFE7FFE7FFE710B044
:101E500070BD000081B0009001B0704780B584B0C3
:101E60000290029890F8200001282FD1FFE70299F4
:101E7000022081F8200002980168086820F0010023
:101E8000086000F0A5FD0190FFE702980068406837
:101E9000C007A8B1FFE700F09BFD0199401A0B288D
:101EA0000DD3FFE70299486A40F400304862029976
:101EB000052081F8200001208DF80F000FE0E4E7F5
:101EC0000299002048628DF80F0008E00299486AE4
:101ED00040F40020486201208DF80F00FFE79DF8D4
:101EE0000F0004B080BD000081B0009001B07047C9
:101EF00081B0009001B0704781B0009001B0704790
:101F000081B0009001B0704781B0009001B070477F
:101F100081B0009001B0704781B0009001B070476F
:101F200080B584B002900298806D019000F050FD61
:101F30000090029890F8350002280DD0FFE7029932
:101F400080204865FFE70299002081F83400FFE710
:101F500001208DF80F0055E002980168086820F014
:101F60001600086002980168486920F08000486106
:101F70000298006C20B9FFE70298806C38B1FFE747
:101F800002980168086820F008000860FFE70298DE
:101F90000168086820F001000860FFE70298006807
:101FA0000068C007C8B1FFE700F012FD0099401AB1
:101FB000062811D3FFE702992020486502990320E3
:101FC00081F83500FFE70299002081F83400FFE72F
:101FD00003208DF80F0015E0E0E70298C16D3F2067
:101FE0008840019988600299012081F83500FFE757
:101FF0000299002081F83400FFE7FFE700208DF808
:102000000F00FFE79DF80F0004B080BD82B0009084
:10201000009890F83500022807D0FFE7009980204B
:10202000486501208DF807000EE00099052081F831
:10203000350000980168086820F001000860FFE79B
:1020400000208DF80700FFE79DF8070002B07047F9
:1020500080B586B005900020039040F20000C2F2E7
:102060000000006848F2B511C1F64E31A0FB011026
:10207000800A02900598806D019001980068049094
:1020800004980599C96DC840000700281AD5FFE7D4
:102090000598006800684007002812D5FFE70598FA
:1020A0000168086820F0040008600598C16D0820E8
:1020B0008840019988600599486D40F001004865A5
:1020C000FFE7FFE704980599C96DC840C007A0B1B4
:1020D000FFE7059800684069000600280CD5FFE777
:1020E0000598C16D01208840019988600599486D67
:1020F00040F002004865FFE7FFE704980599C96DC5
:10210000C8404007002814D5FFE70598006800681C
:10211000800700280CD5FFE70598C16D0420884092
:10212000019988600599486D40F004004865FFE713
:10213000FFE704980599C96DC840C006002847D537
:10214000FFE7059800680068000700283FD5FFE713
:102150000598C16D10208840019988600598006835
:102160000068400300281AD5FFE70598006800685A
:102170000003002809D4FFE70598006C20B1FFE7B1
:102180000598016C8847FFE708E00598806C20B14E
:10219000FFE70598816C8847FFE7FFE716E00598A1
:1021A00000680068C005002807D4FFE705980168AB
:1021B000086820F008000860FFE70598006C20B16F
:1021C000FFE70598016C8847FFE7FFE7FFE7FFE7B8
:1021D00004980599C96DC8408006002840F18D809B
:1021E000FFE7059800680068C006002840F1848079
:1021F000FFE70598C16D2020884001998860059807
:1022000090F83500052834D1FFE705980168086883
:1022100020F01600086005980168486920F08000E9
:1022200048610598006C20B9FFE70598806C38B1CB
:10223000FFE705980168086820F008000860FFE7DC
:102240000598C16D3F20884001998860059901205B
:1022500081F83500FFE70599002081F83400FFE799
:102260000598006D20B1FFE70598016D8847FFE7ED
:102270007BE0059800680068400300281AD5FFE756
:102280000598006800680003002809D4FFE7059856
:10229000406C20B1FFE70598416C8847FFE708E0F4
:1022A0000598C06B20B1FFE70598C16B8847FFE731
:1022B000FFE720E0059800680068C005002811D4F9
:1022C000FFE705980168086820F01000086005998C
:1022D000012081F83500FFE70599002081F83400DE
:1022E000FFE7FFE70598C06B20B1FFE70598C16BDA
:1022F0008847FFE7FFE7FFE7FFE70598406DA0B3DA
:10230000FFE70598406DC00730B3FFE7059905204A
:1023100081F8350005980168086820F00100086020
:10232000FFE70398013003900299884201D9FFE743
:1023300007E0FFE7059800680068C0070028F0D1B3
:10234000FFE70599012081F83500FFE70599002096
:1023500081F83400FFE7FFE70598C06C20B1FFE784
:102360000598C16C8847FFE7FFE706B080BD000015
:1023700080B586B004900020039000F029FB029005
:10238000049820B9FFE701208DF81700A3E0049816
:10239000406A08B1FFE7FFE70499022081F83500A1
:1023A000FFE70499002081F83400FFE704980168F2
:1023B000086820F001000860FFE7049800680068E2
:1023C000C00790B1FFE700F003FB0299401A06280E
:1023D0000AD3FFE70499202048650499032081F877
:1023E00035008DF8170076E0E7E70498006800688C
:1023F0000390039848F23F01CFF210010840039088
:10240000049900914868D1F808C0CB680A6940EA8D
:102410000C00184310434A6910438A691043CA6983
:102420001043096A01430398084303900498406AE3
:10243000042808D1FFE70499C86A096B014303988F
:1024400008430390FFE7039804990968086004981B
:10245000006840690390039820F0070003900498F7
:10246000416A0398084303900498406A04281AD1EB
:10247000FFE70498816A0398084303900498C06AB0
:1024800080B1FFE70498FEF725FC50B1FFE70499FF
:10249000402048650499012081F835008DF8170027
:1024A00019E0FFE7FFE70398049909684861049879
:1024B000FEF7E4FB01900498C16D3F20884001992C
:1024C0008860049900204865049A012182F835103B
:1024D0008DF81700FFE79DF8170006B080BD0000DB
:1024E00080B588B0069005910492039300208DF882
:1024F0000B000698806D0190FFE7069890F8340075
:10250000012804D1FFE702208DF81F0045E006995D
:10251000012081F83400FFE7FFE7069890F83500C6
:1025200001282BD1FFE70699022081F83500069992
:102530000020486506980599049A039BFEF742FC23
:102540000698C16D3F20884001998860069801680F
:10255000086840F0160008600698006C38B1FFE784
:1025600006980168086840F008000860FFE70698D0
:102570000168086840F00100086009E0FFE706997B
:10258000002081F83400FFE702208DF80B00FFE700
:102590009DF80B008DF81F00FFE79DF81F0008B0A5
:1025A00080BD000080B584B0039000F011FA029065
:1025B000039801900198013048B1FFE740F2040010
:1025C000C2F200000178019808440190FFE7FFE79C
:1025D00000F0FEF90299401A0199884201D2FFE702
:1025E000F6E704B080BD00008EB00D900C91002085
:1025F0000A90099008900B90FFE70B980F2800F2C3
:10260000CC81FFE70B99012088400A900C98006864
:102610000A990840099009980A99884240F0B881BF
:10262000FFE70C98406800F00300012807D0FFE79F
:102630000C98406800F0030002282FD1FFE70D98A6
:10264000806808900B984100032000FA01F1089877
:10265000884308900C98C0680B99490000FA01F172
:1026600008980843089008980D9988600D9840686C
:1026700008900B99012000FA01F10898884308900E
:102680000C984068C0F300100B9900FA01F108980B
:102690000843089008980D994860FFE70C98406837
:1026A00000F00300032818D0FFE70D98C0680890D9
:1026B0000B984100032000FA01F108988843089024
:1026C0000C9880680B99490000FA01F108980843BA
:1026D000089008980D99C860FFE70C98406800F0D2
:1026E0000300022826D1FFE70D980B996FF0030233
:1026F00002EA51010844006A08900B9800F00700B4
:1027000081000F2000FA01F10898884308900C9886
:1027100000690B9901F00701890000FA01F108989E
:102720000843089008980D990B9B02EA5302114444
:102730000862FFE70D98006808900B98410003209D
:1027400000FA01F10898884308900C98406800F05E
:1027500003000B99490000FA01F10898084308901A
:1027600008980D9908600C9880798007002800F07F
:102770000E81FFE7FFE70020079043F64400C4F214
:102780000200016841F480410160006800F480406B
:1027900007900798FFE70B9820F0030043F6080125
:1027A000C4F20101405808900B9800F0030081002A
:1027B0000F2000FA01F10898884308900D98002135
:1027C000C4F20201884203D1FFE7002006905EE0D8
:1027D0000D9840F20041C4F20201884203D1FFE7A4
:1027E0000120059050E00D9840F60001C4F202016E
:1027F000884203D1FFE70220049042E00D9840F6A2
:102800000041C4F20201884203D1FFE70320039094
:1028100034E00D9841F20001C4F20201884203D174
:10282000FFE70420029026E00D9841F20041C4F237
:102830000201884203D1FFE70520019018E00D98BE
:1028400041F60001C4F20201884203D1FFE70620ED
:1028500000900AE00D9941F60042C4F202020820FD
:10286000914208BF07200090FFE700980190FFE722
:1028700001980290FFE702980390FFE70398049005
:10288000FFE704980590FFE705980690FFE7069894
:10289000C0B20B9901F00301890000FA01F1089818
:1028A0000843089008980B9921F0030143F60802A9
:1028B000C4F20102885043F60840C4F201000068E7
:1028C000089009990898884308900C988079C00668
:1028D000002805D5FFE70999089808430890FFE705
:1028E000089843F60841C4F20101086043F60C4021
:1028F000C4F201000068089009990898884308907C
:102900000C9880798006002805D5FFE7099908987A
:1029100008430890FFE7089843F60C41C4F2010110
:10292000086043F60440C4F2010000680890099969
:102930000898884308900C9880798007002805D56E
:10294000FFE70999089808430890FFE7089843F6BD
:102950000441C4F20101086043F60040C4F20100E2
:102960000068089009990898884308900C98807925
:10297000C00728B1FFE70999089808430890FFE7C6
:10298000089843F60041C4F201010860FFE7FFE741
:10299000FFE70B9801300B902FE60EB07047000058
:1029A00082B00190ADF802108DF801209DF8010071
:1029B00028B1FFE7BDF802000199886105E0BDF884
:1029C0000200000401998861FFE702B0704700002F
:1029D00044F6F420C2F200000068704740F20400A0
:1029E000C2F20000027844F6F421C2F20001086845
:1029F000104408607047000080B543F60041C4F2FF
:102A00000201086840F400700860086840F48060C3
:102A10000860086840F480700860032000F0C6F881
:102A20000F2000F005F800F071F8002080BD0000D4
:102A300080B58CB00B90002005900490FFE700203B
:102A4000019043F64400C4F20200016841F0010124
:102A50000160006800F0010001900198FFE706A8FE
:102A600003A900F0DDF900F01DFA4000059005987B
:102A70004DF68361C4F21B31A0FB01014FF0FF3022
:102A800000EB9140049040F2EC70C2F20000002193
:102A9000C4F20101016040F2E731C1600499416074
:102AA000002101618160816100F07CFE8DF80B00E6
:102AB0009DF80B0028BBFFE740F2EC70C2F200006B
:102AC00000F00AFF8DF80B009DF80B00C0B9FFE77E
:102AD000192000F047F80B980F280CD8FFE70B9946
:102AE0001920002200F048F80B9840F20801C2F2C9
:102AF0000001086003E001208DF80B00FFE7FFE70D
:102B0000FFE79DF80B000CB080BD000080B582B0DF
:102B1000FFE70020019043F64400C4F20200016880
:102B200041F480410160006800F480400190019808
:102B3000FFE7FFE70020009043F64000C4F20200E8
:102B4000016841F080510160006800F08050009001
:102B50000098FFE76FF001000F21002200F00CF851
:102B600002B080BD80B582B08DF807009DF90700E6
:102B700003F074FD02B080BD80B586B08DF81700FB
:102B8000049103920020029003F080FD02909DF9D1
:102B90001700019002980499039A02F03DF901464A
:102BA000019803F07BFD06B080BD000080B582B0C7
:102BB0000190019803F0B6FD02B080BD80B584B0ED
:102BC00002900191029820B9FFE701208DF80F00D3
:102BD00021E1019843F60041C4F20201096801F0C5
:102BE0000701884212D9FFE7019943F60040C4F279
:102BF00002000170006800F007000199884204D0CB
:102C0000FFE701208DF80F0005E1FFE7029800784B
:102C1000800700282AD5FFE702980078400700289F
:102C200009D5FFE743F60801C4F20201086840F441
:102C3000E0500860FFE7029800780007002809D5F7
:102C4000FFE743F60801C4F20201086840F460405F
:102C50000860FFE743F60801C4F20201086820F0AB
:102C6000F000029A926810430860FFE7029800782B
:102C7000C00700286ED0FFE702984068012811D1F4
:102C8000FFE743F60000C4F20200006800F40031E0
:102C90000020B0EB514F04D1FFE701208DF80F0069
:102CA000B9E02CE002984068022805D0FFE70298BE
:102CB0004068032811D1FFE743F60000C4F2020088
:102CC000006800F000710020B0EB516F04D1FFE705
:102CD00001208DF80F009EE010E043F60000C4F2E2
:102CE0000200006800F002010020B0EB510F04D197
:102CF000FFE701208DF80F008DE0FFE7FFE743F6C7
:102D00000801C4F20201086820F00300029A526828
:102D100010430860FFF75CFE0090FFE743F60800F1
:102D2000C4F20200006800F00C0002994968B0EBA0
:102D3000810F0ED0FFE7FFF74BFE0099401A41F2DA
:102D40008931884204D3FFE703208DF80F0062E049
:102D5000E4E7FFE7019843F60041C4F20201096885
:102D600001F00701884212D2FFE7019943F60040C3
:102D7000C4F202000170006800F007000199884267
:102D800004D0FFE701208DF80F0044E0FFE7029830
:102D90000078400700280CD5FFE743F60801C4F28D
:102DA0000201086820F4E050029AD26810430860DB
:102DB000FFE702980078000700280DD5FFE743F6EB
:102DC0000801C4F20201086820F46040029A126906
:102DD00040EAC2000860FFE700F076F843F6080119
:102DE000C4F202010968C9B20A0949F64821C0F6CD
:102DF0000001895CC84040F20001C2F20001086095
:102E000040F20800C2F200000068FFF711FE002047
:102E10008DF80F00FFE79DF80F0004B080BD0000A3
:102E200082B00190009101990F20086043F60800DC
:102E3000C4F20200016801F00301019A51600168C7
:102E400001F0F001019A9160016801F4E051019AEA
:102E5000D160006800F46040C0080199086143F641
:102E60000040C4F20200006800F00700009908600A
:102E700002B0704740F20000C2F2000000687047E4
:102E800080B5FFF7F7FF43F60801C4F202010968B5
:102E9000C1F3822249F65821C0F60001895CC8407E
:102EA00080BD000080B5FFF7E5FF43F60801C4F2DE
:102EB0000201096889B24A0B49F65821C0F600019F
:102EC000895CC84080BD000080B586B000200590B8
:102ED00004900390029043F60800C4F202000068D8
:102EE00000F00C000146019140B1FFE70198042871
:102EF0000AD0FFE7019808280CD04FE042F20040CA
:102F0000C0F2F40002904FE047F64000C0F27D109E
:102F1000029049E043F60400C4F20200016801F0A7
:102F20003F01059100684002002813D5FFE743F6F2
:102F30000400C4F202000068C0F3881047F64001A4
:102F4000C0F27D11A0FB0101059A0023FDF7A2F953
:102F5000049012E043F60400C4F202000068C0F3DB
:102F6000881042F20041C0F2F401A0FB0101059A71
:102F70000023FDF78FF90490FFE743F60400C4F245
:102F80000200006800F44031022000EBD1300390D1
:102F900004980399B0FBF1F0029005E042F2004082
:102FA000C0F2F4000290FFE7029806B080BD000076
:102FB00080B586B00490049820B9FFE701208DF811
:102FC000170050E304980078C007002800F0A5809F
:102FD000FFE743F60800C4F20200006800F00C00AE
:102FE000042813D0FFE743F60800C4F2020000688B
:102FF00000F00C0008281ED1FFE743F60400C4F2DD
:10300000020000684002002815D5FFE743F60000E3
:10301000C4F20200006800F400310020B0EB514F10
:1030200008D0FFE70498406820B9FFE701208DF839
:10303000170018E370E0FFE704984068B0F5803FA0
:1030400009D1FFE743F60001C4F20201086840F429
:103050008030086020E004984068B0F5A02F0DD1C2
:10306000FFE743F60001C4F20201086840F4802043
:103070000860086840F4803008600CE043F6000106
:10308000C4F20201086820F480300860086820F467
:1030900080200860FFE7FFE7FFE704984068E8B199
:1030A000FFE7FFF795FC0390FFE743F60000C4F24B
:1030B0000200006800F400310020B0EB514F0CD149
:1030C000FFE7FFF785FC0399401A652804D3FFE763
:1030D00003208DF81700C6E2E7E71CE0FFF778FC55
:1030E0000390FFE743F60000C4F20200006800F41A
:1030F00000310020B0EB514F0CD0FFE7FFF768FC28
:103100000399401A652804D3FFE703208DF81700C0
:10311000A9E2E7E7FFE7FFE7FFE704980078800709
:10312000002840F19680FFE743F60800C4F2020051
:10313000006810F00C0F13D0FFE743F60800C4F24C
:103140000200006800F00C0008282CD1FFE743F6CD
:103150000400C4F2020000684002002823D4FFE704
:1031600043F60000C4F20200006800F002010020F3
:10317000B0EB510F09D0FFE70498C068012804D0D4
:10318000FFE701208DF817006DE243F60001C4F25D
:103190000201086820F0F800049A126940EAC200AF
:1031A0000860FFE754E00498C06870B3FFE70021AF
:1031B000C4F2472101200860FFF70AFC0390FFE7F3
:1031C00043F60000C4F20200006800F00201002093
:1031D000B0EB510F0CD1FFE7FFF7FAFB0399401A50
:1031E000032804D3FFE703208DF817003BE2E7E74D
:1031F00043F60001C4F20201086820F0F800049AC6
:10320000126940EAC200086021E00021C4F24721AF
:1032100000200860FFF7DCFB0390FFE743F60000A7
:10322000C4F20200006800F002010020B0EB510F70
:103230000CD0FFE7FFF7CCFB0399401A032804D317
:10324000FFE703208DF817000DE2E7E7FFE7FFE750
:10325000FFE704980078000700284BD5FFE70498A3
:10326000406918B3FFE740F68061C4F247210120AE
:103270000860FFF7ADFB0390FFE743F67400C4F26C
:103280000200006800F002010020B0EB510F0CD1E9
:10329000FFE7FFF79DFB0399401A032804D3FFE7DC
:1032A00003208DF81700DEE1E7E722E040F68061B9
:1032B000C4F2472100200860FFF78AFB0390FFE774
:1032C00043F67400C4F20200006800F0020100201E
:1032D000B0EB510F0CD0FFE7FFF77AFB0399401AD0
:1032E000032804D3FFE703208DF81700BBE1E7E7CD
:1032F000FFE7FFE7049800784007002840F1CE8000
:10330000FFE700208DF8070043F64000C4F20200FA
:103310000068C000002815D4FFE7FFE700200090F8
:1033200043F64000C4F20200016841F080510160A0
:10333000006800F0805000900098FFE701208DF8B1
:103340000700FFE747F20000C4F200000068C00574
:10335000002822D4FFE747F20001C4F20001086808
:1033600040F480700860FFF733FB0390FFE747F2FB
:103370000000C4F200000068C00500280CD4FFE77C
:10338000FFF726FB0399401A032804D3FFE7032025
:103390008DF8170067E1EAE7FFE7FFE70498806828
:1033A000012809D1FFE743F67001C4F20201086861
:1033B00040F0010008601FE00498806805280DD1E6
:1033C000FFE743F67001C4F20201086840F0040010
:1033D0000860086840F0010008600CE043F67001E6
:1033E000C4F20201086820F001000860086820F0BB
:1033F00004000860FFE7FFE7FFE704988068F8B182
:10340000FFE7FFF7E5FA0390FFE743F67000C4F229
:103410000200006800F002010020B0EB510F0ED155
:10342000FFE7FFF7D5FA0399401A41F28931884244
:1034300004D3FFE703208DF8170014E1E5E71EE051
:10344000FFF7C6FA0390FFE743F67000C4F20200EC
:10345000006800F002010020B0EB510F0ED0FFE732
:10346000FFF7B6FA0399401A41F28931884204D332
:10347000FFE703208DF81700F5E0E5E7FFE79DF88B
:103480000700012809D1FFE743F64001C4F2020119
:10349000086820F080500860FFE7FFE70498806923
:1034A000002800F0DC80FFE743F60800C4F20200C9
:1034B000006800F00C00082800F08580FFE7049801
:1034C000806902285CD1FFE76021C4F24721002017
:1034D0000860FFF77DFA0390FFE743F60000C4F2AF
:1034E0000200006800F000710020B0EB516F0CD0BA
:1034F000FFE7FFF76DFA0399401A032804D3FFE7AB
:1035000003208DF81700AEE0E7E70499C869D1F809
:1035100020C04B6A8A6A40EA0C0040EA8310D2035A
:103520004FF6FF739A43A2F580321043C96A40EA0E
:10353000016043F60401C4F2020108606021C4F294
:10354000472101200860FFF743FA0390FFE743F6A5
:103550000000C4F20200006800F000710020B0EB2F
:10356000516F0CD1FFE7FFF733FA0399401A032894
:1035700004D3FFE703208DF8170074E0E7E721E0AC
:103580006021C4F2472100200860FFF721FA039070
:10359000FFE743F60000C4F20200006800F000718B
:1035A0000020B0EB516F0CD0FFE7FFF711FA039941
:1035B000401A032804D3FFE703208DF8170052E0D8
:1035C000E7E7FFE74AE004988069012804D1FFE7B4
:1035D00001208DF8170046E043F60400C4F2020013
:1035E0000068029004988069012831D0FFE70298B2
:1035F00000F480000499C969884229D1FFE7029844
:1036000000F03F000499096A884221D1FFE702983F
:1036100047F6C07108400499496AB0EB811F17D181
:10362000FFE7029800F440300499896AC9034FF615
:10363000FF729143A1F58031884209D1FFE70298DA
:1036400000F070600499C96AB0EB016F04D0FFE725
:1036500001208DF8170006E0FFE7FFE7FFE70020F5
:103660008DF81700FFE79DF8170006B080BD000039
:1036700081B0009001B0704781B0009001B07047F8
:1036800085B003900291FFE7039890F83C00012871
:1036900004D1FFE702208DF813007EE0039901209A
:1036A00081F83C00FFE7FFE70399022081F83D0025
:1036B0000398006840680190039800688068009053
:1036C000019820F070000190029801680198084369
:1036D00001900198039909684860039800680021E7
:1036E000C4F2010188423CD0FFE703980068B0F1C2
:1036F000804F36D0FFE70398006840F20041C4F2E3
:10370000000188422DD0FFE70398006840F60001D1
:10371000C4F20001884224D0FFE70398006840F615
:103720000041C4F2000188421BD0FFE70398006803
:1037300040F20041C4F20101884212D0FFE7039831
:10374000006844F20001C4F20101884209D0FFE799
:103750000398006841F60001C4F2000188420ED1CE
:10376000FFE7009820F080000090029841680098E0
:10377000084300900098039909688860FFE703995F
:10378000012081F83D00FFE70399002081F83C000B
:10379000FFE700208DF81300FFE79DF8130005B048
:1037A0007047000080B582B00090009820B9FFE714
:1037B00001208DF807003FE0009890F83D0040B9E7
:1037C000FFE70099002081F83C00009800F038F8ED
:1037D000FFE70099022081F83D00009951F8040BA1
:1037E00001F03AFC0099012081F84600FFE70099BA
:1037F000012081F83E00009981F83F00009981F88E
:103800004000009981F84100FFE7FFE7009901209F
:1038100081F84200009981F84300009981F8440042
:10382000009981F84500FFE70099012081F83D00EB
:1038300000208DF80700FFE79DF8070002B080BD6B
:1038400080B586B0059005980068B0F1804F1BD117
:10385000FFE7FFE70020049043F64000C4F20200B7
:10386000016841F001010160006800F0010004906E
:103870000498FFE71C20029005210022FFF77CF945
:103880000298FFF76FF924E00598006840F20041C4
:10389000C4F2000188421BD1FFE7FFE7002003903C
:1038A00043F64000C4F20200016841F002010160E9
:1038B000006800F0020003900398FFE71D200190CC
:1038C00005210022FFF758F90198FFF74BF9FFE7B0
:1038D000FFE706B080BD000083B00190019890F82A
:1038E0003D00012804D0FFE701208DF80B006AE0BD
:1038F0000199022081F83D0001980168C86840F0F4
:103900000100C860019800680021C4F201018842EA
:103910003CD0FFE701980068B0F1804F36D0FFE758
:103920000198006840F20041C4F2000188422DD0A5
:10393000FFE70198006840F60001C4F200018842E8
:1039400024D0FFE70198006840F60041C4F200016E
:1039500088421BD0FFE70198006840F20041C4F2A2
:103960000101884212D0FFE70198006844F200018B
:10397000C4F20101884209D0FFE70198006841F6CE
:103980000001C4F20001884212D1FFE701980068EB
:10399000806800F0070000900098062807D0FFE735
:1039A00001980168086840F001000860FFE706E040
:1039B00001980168086840F001000860FFE70020F6
:1039C0008DF80B00FFE79DF80B0003B07047000077
:1039D00080B586B00490039100208DF80B00FFE7BE
:1039E000049890F83C00012804D1FFE702208DF8EC
:1039F0001700ABE00499012081F83C00FFE7FFE7E6
:103A00000499022081F83D000498006880680190C4
:103A1000019820F077000190019820F47F400190F8
:103A2000019804990968886003980068009000284C
:103A300072D0FFE7009810286ED0FFE7009820288A
:103A40006AD0FFE70098302866D0FFE7009840284A
:103A500055D0FFE70098502837D0FFE7009860283E
:103A600040D0FFE7009870280BD0FFE70098B0F532
:103A7000805F05D0FFE70098B0F5005F16D052E0F8
:103A800055E004980068039B5A689968DB6801F068
:103A9000B5FB0498006880680190019840F07700B9
:103AA0000190019804990968886040E004980068D2
:103AB000039B5A689968DB6801F0A0FB04980168D1
:103AC000886840F48040886031E004980068039A78
:103AD0005168D26801F0F4FB04980068502101F0AD
:103AE000A7FB24E004980068039A5168D26801F0AB
:103AF0000FFC04980068602101F09AFB17E004981D
:103B00000068039A5168D26801F0DAFB04980068F3
:103B1000402101F08DFB0AE00498006803990968D0
:103B200001F086FB03E001208DF80B00FFE704990C
:103B3000012081F83D00FFE70499002081F83C0056
:103B4000FFE79DF80B008DF81700FFE79DF81700C1
:103B500006B080BD81B0009001B0704780B584B0E0
:103B6000039003980068C068029003980068006999
:103B700001909DF804008007002824D5FFE79DF8F8
:103B80000800800700281DD5FFE7039801686FF043
:103B90000200086103990120087703980068806992
:103BA000800720B1FFE70398FFF7D4FF06E00398F2
:103BB00000F0E2F8039800F0E3F8FFE70399002033
:103BC0000877FFE7FFE79DF804004007002825D5A8
:103BD000FFE79DF80800400700281ED5FFE703987F
:103BE00001686FF0040008610399022008770398C8
:103BF0000068806910F4407F04D0FFE70398FFF766
:103C0000A9FF06E0039800F0B7F8039800F0B8F8B1
:103C1000FFE7039900200877FFE7FFE79DF804001E
:103C20000007002824D5FFE79DF8080000070028BA
:103C30001DD5FFE7039801686FF00800086103993C
:103C40000420087703980068C069800720B1FFE767
:103C50000398FFF77FFF06E0039800F08DF80398C4
:103C600000F08EF8FFE7039900200877FFE7FFE7F1
:103C70009DF80400C006002825D5FFE79DF8080040
:103C8000C00600281ED5FFE7039801686FF01000FA
:103C9000086103990820087703980068C06910F448
:103CA000407F04D0FFE70398FFF754FF06E0039836
:103CB00000F062F8039800F063F8FFE70399002032
:103CC0000877FFE7FFE79DF80400C00778B1FFE73A
:103CD0009DF80800C00748B1FFE7039801686FF03E
:103CE00001000861039800F04FF8FFE7FFE79DF837
:103CF00004000006002810D5FFE79DF80800000624
:103D0000002809D5FFE7039801686FF0800008617B
:103D10000398FFF7ADFCFFE7FFE79DF804004006BE
:103D2000002810D5FFE79DF808004006002809D5B7
:103D3000FFE7039801686FF040000861039800F006
:103D400037F8FFE7FFE79DF804008006002810D54C
:103D5000FFE79DF808008006002809D5FFE70398D3
:103D600001686FF0200008610398FFF785FCFFE70A
:103D7000FFE704B080BD000081B0009001B0704743
:103D800081B0009001B0704780B582B00190019879
:103D900000680021C4F20101884203D1FFE7FEF769
:103DA0001DFEFFE7019801F059FA02B080BD000046
:103DB00081B0009001B0704780B586B00490039147
:103DC000ADF80A20049890F84200202848D1FFE777
:103DD000039820B1FFE7BDF80A0020B9FFE70120F2
:103DE0008DF8170040E00499012008630499002031
:103DF000486304980399BDF80A2001F05FFD8DF82F
:103E000009000498006B012821D1FFE7FFE700209B
:103E10000190049800680068019004980068406868
:103E200001900198FFE7FFE7FFE70498006850E87A
:103E3000030F40F010000090FFE70099049802681B
:103E400042E803100028F0D1FFE7FFE703E001207C
:103E50008DF80900FFE79DF809008DF8170003E0D1
:103E600002208DF81700FFE79DF8170006B080BD0F
:103E700080B582B00190ADF802100198006841F25F
:103E80000001C4F2010188420CD1FFE740F6C400F2
:103E9000C2F2000040F6E861C2F200010122FFF721
:103EA0008BFFFFE70198006844F20041C4F2000173
:103EB00088420CD1FFE740F60C10C2F2000040F639
:103EC000E961C2F200010522FFF776FFFFE702B0C9
:103ED00080BD000080B582B001900198406C000761
:103EE00000280ED5FFE7FFE700200090019800684A
:103EF0000068009001980068406800900098FFE713
:103F0000FFE740F60C10C2F2000040F6E961C2F291
:103F10000001052200F0F4FB02B080BD80B592B034
:103F20001190119800680068109011980068C0689E
:103F30000F901198006840690E9000200D900C9031
:103F4000109800F00F000D900D9888B9FFE79DF8CC
:103F50004000800600280AD5FFE79DF83C00800657
:103F6000002804D5FFE7119801F056FB02E2FFE7B5
:103F70000D98002800F0C280FFE79DF83800C007C8
:103F800038B9FFE7BDF83C0010F4907F00F0B68030
:103F9000FFE79DF84000C00758B1FFE79DF83D00DE
:103FA000C00730B1FFE71199486C40F00100486448
:103FB000FFE79DF84000400700280BD5FFE79DF87C
:103FC0003800C00730B1FFE71199486C40F002009B
:103FD0004864FFE79DF84000800700280BD5FFE705
:103FE0009DF83800C00730B1FFE71199486C40F0E8
:103FF00004004864FFE79DF840000007002811D541
:10400000FFE79DF83C008006002805D4FFE79DF8F7
:104010003800C00730B1FFE71199486C40F0080044
:104020004864FFE71198406C002866D0FFE79DF8D0
:104030004000800600280AD5FFE79DF83C00800676
:10404000002804D5FFE7119801F0E6FAFFE7119880
:1040500000684069C0F380100C901198406C000714
:10406000002804D4FFE70C9800283ED0FFE7119801
:1040700001F058FA119800684069400600282FD5D1
:10408000FFE7FFE7FFE71198006850E8050F20F011
:1040900040000B90FFE70B991198026842E8051069
:1040A0000028F0D1FFE7FFE71198C06B98B1FFE758
:1040B0001198C16B45F26530C0F600000865119893
:1040C000C06BFDF7A3FF28B1FFE71198C06B016D2E
:1040D0008847FFE703E01198FFF7FCFEFFE703E0E6
:1040E0001198FFF7F7FEFFE706E01198FFF7F2FEE1
:1040F000119900204864FFE7FFE73BE11198006B4E
:10410000012840F01781FFE79DF84000C006002815
:1041100040F11081FFE79DF83C00C006002840F107
:104120000981FFE7FFE700200A9011980068006806
:104130000A901198006840680A900A98FFE7119861
:10414000006840694006002840F19A80FFE7119816
:10415000C06B00684068ADF82600BDF82600002856
:1041600075D0FFE7BDF826001199898D88426EDA77
:10417000FFE7BDF826001199C8851198C06BC0698A
:10418000B0F5807F58D0FFE7FFE7FFE711980068A0
:1041900050E8030F20F480700890FFE70899119809
:1041A000026842E803100028F0D1FFE7FFE7FFE7CD
:1041B000FFE71198006850E8050F20F00100079014
:1041C000FFE707991198026842E805100028F0D12E
:1041D000FFE7FFE7FFE7FFE71198006850E8050FEA
:1041E00020F040000690FFE706991198026842E827
:1041F00005100028F0D1FFE7FFE71199202081F892
:104200004200119900200863FFE7FFE7119800685A
:1042100050E8030F20F010000590FFE70599119872
:10422000026842E803100028F0D1FFE7FFE7119889
:10423000C06BFDF775FEFFE71199022048631198E6
:10424000818DC28D891A89B2FFF712FE17E0BDF881
:1042500026001199898D884210D1FFE71198C06B13
:10426000C069B0F5807F08D1FFE71199022048634B
:104270001198818DFFF7FCFDFFE7FFE7FFE779E08D
:104280001199888DC98D401AADF812001198C08D12
:1042900000284ED0FFE7BDF81200002849D0FFE704
:1042A000FFE7FFE71198006850E8030F20F49070D3
:1042B0000390FFE703991198026842E80310002871
:1042C000F0D1FFE7FFE7FFE7FFE71198006850E84C
:1042D000050F20F001000290FFE702991198026893
:1042E00042E805100028F0D1FFE7FFE711992020F0
:1042F00081F84200119900200863FFE7FFE7119859
:10430000006850E8030F20F010000190FFE70199CA
:104310001198026842E803100028F0D1FFE7FFE798
:104320001199022048631198BDF81210FFF7A0FD03
:10433000FFE71FE09DF84000000600280AD5FFE7D0
:104340009DF83C000006002804D5FFE7119801F015
:1043500065FB0FE09DF84000400600280AD5FFE706
:104360009DF83C004006002804D5FFE7119801F0B5
:1043700023F9FFE712B080BD80B582B000900098AD
:1043800020B9FFE701208DF8070040E00098806920
:1043900008B1FFE700E0FFE7009890F8410040B95E
:1043A000FFE70099002081F84000009800F034F801
:1043B000FFE70099242081F8410000980168C8684F
:1043C00020F40050C860009801F0DAF90098016804
:1043D000086920F49040086100980168486920F05D
:1043E0002A00486100980168C86840F40050C8601D
:1043F000009900204864009A202182F84110009A18
:1044000082F84210009948638DF80700FFE79DF895
:10441000070002B080BD000080B59EB01D90002056
:104420001C901B901A90199018901D98006841F2EA
:104430000001C4F20101884240F0AC80FFE7FFE7D1
:104440000020179043F64400C4F20200016841F0D6
:1044500010010160006800F0100017901798FFE746
:10446000FFE70020169043F63000C4F20200016816
:1044700041F001010160006800F0010016901698FB
:10448000FFE74FF40070189002200C901990002064
:1044900012901A9003200D901B9007200E901C90F4
:1044A0000020C4F202000F9018A91091FEF79CF8AA
:1044B000DDF830C00D9B0E9A0F9810994FF4806E66
:1044C000CDF844E0CDF860E0CDF864C04FF0010CC9
:1044D000CDF868C01B931C92FEF786F8119A1299CA
:1044E00040F26060C2F20000139046F24043C4F212
:1044F000020303604FF0006343608160C1600261AA
:1045000041618161C16101624162FDF731FF18B112
:10451000FFE7FCF7ADFDFFE7FFE71D9840F26061A4
:10452000C2F20001C1631D988863FFE740F2C060DA
:10453000C2F200000B9046F2B841C4F202010160E1
:104540004FF000614160402181600021C1604FF463
:104550008062026141618161C16101624162FDF776
:1045600007FF18B1FFE7FCF783FDFFE7FFE71D98A2
:1045700040F2C061C2F2000181631D988863FFE7C9
:1045800025200A9005210022FEF7F6FA0A98FEF788
:10459000E9FAB3E01D98006844F20041C4F200015A
:1045A000884240F0AA80FFE7FFE70020159043F61D
:1045B0004000C4F20200016841F40031016000686B
:1045C00000F4003015901598FFE7FFE700201490E5
:1045D00043F63000C4F20200016841F001010160BD
:1045E000006800F0010014901498FFE70420189070
:1045F000022003901990002008901A900320049044
:104600001B90072005901C900020C4F20200069029
:1046100018A90791FDF7E8FFDDF80CC0049B059A87
:10462000069807994FF0080ECDF860E0CDF864C009
:104630004FF0010CCDF868C01B931C92FDF7D4FF1E
:10464000089940F22070C2F20000099046F28802F8
:10465000C4F2020202604FF0006242608160C160F9
:104660004FF48062026141618161C1610162416216
:10467000FDF77EFE18B1FFE7FCF7FAFCFFE7FFE766
:104680001D9840F22071C2F20001C1631D98886339
:10469000FFE740F28070C2F20000029046F2A001F3
:1046A000C4F2020101604FF000614160402181606D
:1046B0000021C1604FF48062026141618161C1618A
:1046C00001624162FDF754FE18B1FFE7FCF7D0FC30
:1046D000FFE7FFE71D9840F28071C2F2000181639D
:1046E0001D988863FFE72620019005210022FEF730
:1046F00043FA0198FEF736FAFFE7FFE71EB080BDE8
:1047000080B584B002900191ADF80220029890F833
:104710004200202817D1FFE7019820B1FFE7BDF83C
:10472000020020B9FFE701208DF80F000FE0029989
:104730000020086302980199BDF8022001F0BEF83C
:104740008DF80F0003E002208DF80F00FFE79DF8C1
:104750000F0004B080BD000080B582B001900198C8
:10476000006841F20001C4F20101884211D1FFE763
:1047700040F6E860C2F2000000900078FCF74AFBC7
:10478000009940F6C400C2F200000122FFF7B8FF12
:10479000FFE70198006844F20041C4F2000188423A
:1047A0000CD1FFE740F60C10C2F2000040F6E961C0
:1047B000C2F200010522FFF7A3FFFFE702B080BDB0
:1047C00081B0009001B0704781B0009001B0704797
:1047D000FFE7FEE780B582B00190FFE700F002F846
:1047E000FCE7000080B588B00020C4F2020006900B
:1047F0001021009101220392FEF7D2F8C820079001
:1048000001F0F0FF0099069800220592FEF7C8F823
:10481000079801F0E7FF039A069820210191FEF71F
:10482000BFF8079801F0DEFF0199059A0698FEF798
:10483000B7F8079801F0D6FF039A06984021029135
:10484000FEF7AEF8079801F0CDFF0299059A069899
:10485000FEF7A6F8079801F0C5FF039A0698802195
:104860000491FEF79DF8079801F0BCFF0499059AA2
:104870000698FEF795F8079801F0B4FF08B080BDE0
:1048800080B58CB040F21060C2F20000019046F298
:104890000041C4F2000101600321416000218160F8
:1048A000C1604FF4002202614FF440124261017670
:1048B000012242768276C27601774177FDF78AF847
:1048C00018B1FFE7FCF7D4FBFFE701210A910E20A6
:1048D0000B900020079009900891069044F2200068
:1048E000029044F24000049044F2600003904FF4C0
:1048F0008140059040F21060C2F2000002A9FCF76E
:1049000091FC18B1FFE7FCF7B3FBFFE701210A9127
:104910000E200B90079100200990089006910290BC
:1049200004900390059040F21060C2F2000002A9CA
:10493000FCF778FC18B1FFE7FCF79AFBFFE740F2C1
:104940001060C2F20000FDF789FA18B1FFE7FCF72A
:104950008FFBFFE740F21060C2F200000221FCF77B
:104960008BFB18B1FFE7FCF783FBFFE740F2106019
:10497000C2F200001021FCF77FFB18B1FFE7FCF743
:1049800077FBFFE70CB080BD80B58CB040F238609B
:10499000C2F20000019046F60001C4F2000101607D
:1049A0000321416000218160C1604FF40022026157
:1049B0004FF4401242610176012242768276C2763D
:1049C00001774177FDF706F818B1FFE7FCF750FBD8
:1049D000FFE701210A910E200B900790002009901B
:1049E0000891069044F22000029044F240000490A6
:1049F00044F2600003904FF48140059040F238602B
:104A0000C2F2000002A9FCF70DFC18B1FFE7FCF7A9
:104A10002FFBFFE701210A910E200B900F2007903A
:104A20000020099008900691029004900390059050
:104A300040F23860C2F2000002A9FCF7F3FB18B1A3
:104A4000FFE7FCF715FBFFE740F23860C2F2000019
:104A5000FDF704FA18B1FFE7FCF70AFBFFE740F2A5
:104A60003860C2F200000221FCF706FB18B1FFE734
:104A7000FCF7FEFAFFE740F23860C2F200001021B6
:104A8000FCF7FAFA18B1FFE7FCF7F2FAFFE70CB00F
:104A900080BD000080B588B0FFE70020079043F696
:104AA0003000C4F20200016841F480010160006836
:104AB00000F4800007900798FFE7FFE700200690CA
:104AC00043F63000C4F20200016841F400110160B5
:104AD000006800F4001006900698FFE71020009090
:104AE0000521039100220492FEF746F80098FEF794
:104AF00039F80399049A11200190FEF73DF80198C6
:104B0000FEF730F80399049A3A200290FEF734F841
:104B10000298FEF727F80399049A46200590FEF7BD
:104B20002BF80598FEF71EF808B080BD80B582B05E
:104B300044F2D570C0F6000049F6B022C0F600027B
:104B40000021019101F0B6FE019940F2D822C2F293
:104B50000002106040F24D50C0F6000049F660229D
:104B6000C0F6000201F0A6FE019940F27402C2F202
:104B70000002106040F6FD30C0F6000049F68422C5
:104B8000C0F6000201F096FE40F2C821C2F2000118
:104B9000086002B080BD000080B58CB000200B9092
:104BA0000A90099008900790FFE70020069043F6CE
:104BB0003000C4F20200016841F080010160006829
:104BC00000F0800006900698FFE7FFE700200590C0
:104BD00043F63000C4F20200016841F001010160B7
:104BE000006800F0010005900598FFE7FFE700204E
:104BF000049043F63000C4F20200016841F0020163
:104C00000160006800F0020004900498FFE70020B3
:104C1000C4F2020003904FF4F87101910022029255
:104C2000FDF7BEFE019A02990398079201220892AD
:104C3000022209920A9107A9FDF7D6FC0CB080BDAB
:104C400080B588B0002101910791069105910491EA
:104C50000391029140F63400C2F200004FF080420E
:104C6000026053224260816040F2E732C26001611B
:104C70008161FEF797FD18B1FFE7FCF7F9F9FFE74F
:104C80004FF48050049040F63400C2F2000004A9B2
:104C9000FEF79EFE18B1FFE7FCF7EAF9FFE70020F8
:104CA0000290039040F63400C2F2000002A9FEF721
:104CB000E7FC18B1FFE7FCF7DBF9FFE740F634004B
:104CC000C2F20000FEF708FE18B1FFE7FCF7D0F9CA
:104CD000FFE708B080BD000080B588B000210191D9
:104CE00007910691059104910391029140F67C0091
:104CF000C2F2000040F20042C4F2000202605322FD
:104D00004260816040F2E732C26001618161FEF77A
:104D100049FD18B1FFE7FCF7ABF9FFE74FF480500E
:104D2000049040F67C00C2F2000004A9FEF750FE99
:104D300018B1FFE7FCF79CF9FFE700200290039011
:104D400040F67C00C2F2000002A9FEF799FC18B1FF
:104D5000FFE7FCF78DF9FFE740F67C00C2F20000A8
:104D6000FEF7BAFD18B1FFE7FCF782F9FFE708B0DC
:104D700080BD000080B582B040F6C400C2F20000E1
:104D8000019041F20001C4F2010101604FF4E131F0
:104D9000416000218160C16001610C22426181613A
:104DA000C161FFF7E9FA18B1FFE7FCF761F9FFE726
:104DB00002B080BD80B582B040F60C10C2F2000097
:104DC000019044F20041C4F2000101604FF4E1316E
:104DD000416000218160C16001610C2242618161FA
:104DE000C161FFF7C9FA18B1FFE7FCF741F9FFE726
:104DF00002B080BDFFE7FEE781B08DED000A9DEDBA
:104E0000000A9FED031A20EE010A01B0704700BFAF
:104E10000000B443FFE7FEE788B0079006910592D3
:104E2000079800F0070004900498C0F107000528D7
:104E300003D3FFE70420019004E00498C0F10700C9
:104E40000190FFE70198039004980430062803D8E6
:104E5000FFE70020009003E0049803380090FFE78C
:104E60000098029006980399012202FA01F1013993
:104E70000840029B984005999A40013A1140084326
:104E800008B07047000000000000000000000000B3
:104E9000EFF30980BFF36F8F154B1A681EF0100FE8
:104EA00008BF20ED108A20E9F04F10602DE90900BD
:104EB0004FF0500080F31188BFF34F8FBFF36F8F17
:104EC00003F0DEFA4FF0000080F31188BDE809001E
:104ED00019680868B0E8F04F1EF0100F08BFB0EC7A
:104EE000108A80F30988BFF36F8F704700BF00BF3F
:104EF000480A002000000000000000000000000040
:104F0000074B19680868B0E8F04F80F30988BFF3D1
:104F10006F8F4FF0000080F31188704700BF00BF13
:104F2000480A002080B56FF00400002101F0D8FB92
:104F300080BD000080B54EF21000CEF20000006887
:104F400004F07AF8012803D0FFE703F0A9FBFFE79C
:104F500080BD000080B594B008A83021FBF75FFA4F
:104F6000002007900690059004900390FFE7002032
:104F7000029043F64000C4F20200016841F0805103
:104F80000160006800F0805002900298FFE7FFE7A0
:104F90000020019047F20000C4F20000016841F4D3
:104FA00080410160006800F4804001900198FFE7B3
:104FB000012008904FF48030099002200E904FF4A9
:104FC00080010F91192110914FF4A8711191129045
:104FD0000420139008A8FDF7EBFF18B1FFE7FCF7DA
:104FE00047F8FFE70F20039002200490002005906F
:104FF0004FF4A05006904FF48050079003A805216D
:10500000FDF7DCFD18B1FFE7FCF732F8FFE714B05D
:1050100080BD00004EF68851CEF20001086840F4D1
:10502000700008607047000080B540F2EC70C2F27A
:105030000000FEF793FD80BD80B540F63400C2F25B
:105040000000FEF78BFD80BD80B540F67C00C2F20B
:105050000000FEF783FD80BD83B0029001910298AD
:105060000068009002980021C4F20101884225D016
:10507000FFE70298B0F1804F20D0FFE7029840F29E
:105080000041C4F20001884218D0FFE7029840F6C0
:105090000001C4F20001884210D0FFE7029840F6F8
:1050A0000041C4F20001884208D0FFE7029840F2B4
:1050B0000041C4F2010188420AD1FFE7009820F0C4
:1050C0007000009001984168009808430090FFE745
:1050D00002980021C4F20101884255D0FFE70298EE
:1050E000B0F1804F50D0FFE7029840F20041C4F287
:1050F0000001884248D0FFE7029840F60001C4F260
:105100000001884240D0FFE7029840F60041C4F217
:105110000001884238D0FFE7029840F20041C4F213
:105120000101884230D0FFE7029844F20001C4F246
:105130000101884228D0FFE7029844F20041C4F2FE
:105140000101884220D0FFE7029844F60001C4F232
:105150000101884218D0FFE7029841F60001C4F22D
:105160000001884210D0FFE7029841F60041C4F2E6
:105170000001884208D0FFE7029842F20001C4F221
:10518000000188420AD1FFE7009820F440700090A7
:105190000198C168009808430090FFE7009820F04C
:1051A000800001994969084300900198806802993C
:1051B000C862019800680299886202980021C4F2CE
:1051C0000101884208D0FFE7029840F20041C4F292
:1051D0000101884205D1FFE701980069029908633F
:1051E000FFE70299086840F0040008600299012076
:1051F000486100980299086003B0704785B0049038
:10520000039102920193049880680090009820F422
:105210007F40009003980299019A41EA02210143DC
:1052200000980843009000980499886005B0704782
:1052300083B002900191029880680090009820F05D
:105240007000009001980099084340F0070000901A
:1052500000980299886003B07047000080B582B062
:10526000019001980068B0F1804F1CD1FFE7012048
:10527000009000F04DFC009800F04AFC40F21C4108
:10528000C2F20001087801300870C0B2052809DBBD
:10529000FFE740F21C41C2F200010020087000F05C
:1052A000CBFCFFE7FFE70198006840F20041C4F241
:1052B0000001884201D1FFE7FFE702B080BD000096
:1052C00085B00490039102920498006A00900499BA
:1052D000086A20F001000862049880690190019832
:1052E00020F0F00001900299019840EA011001902D
:1052F000009820F00A00009003990098084300905D
:1053000001980499886100980499086205B0704773
:1053100085B00490039102920498006A0090049969
:10532000086A20F0100008620498806901900198D2
:1053300020F4704001900299019840EA01300190F8
:10534000009820F0A00000900399009840EA011016
:10535000009001980499886100980499086205B04A
:105360007047000080B582B001900198806B00907A
:1053700000990020C8850098FEF7ACFD02B080BD02
:1053800080B584B00390002002900398806B019058
:10539000019800684069C0B2C0090290019890F875
:1053A000410021280AD1FFE7029838B1FFE70199AF
:1053B0000020C884019800F013F9FFE70198006805
:1053C0004069C0F380100290019890F842002228B2
:1053D0000AD1FFE7029838B1FFE701990020C8859C
:1053E000019800F09FF8FFE70199486C40F0100029
:1053F00048640198FEF76EFD04B080BD80B586B0AC
:1054000005900598806B0490059800680068C005B9
:1054100000285AD4FFE704990020C885FFE7FFE77A
:105420000498006850E8030F20F480700390FFE7B1
:1054300003990498026842E803100028F0D1FFE7BE
:10544000FFE7FFE7FFE70498006850E8050F20F04A
:1054500001000290FFE702990498026842E80510F3
:105460000028F0D1FFE7FFE7FFE7FFE704980068B7
:1054700050E8050F20F040000190FFE701990498E3
:10548000026842E805100028F0D1FFE7FFE7049921
:10549000202081F842000498006B012814D1FFE716
:1054A000FFE7FFE70498006850E8030F20F01000C2
:1054B0000090FFE700990498026842E80310002872
:1054C000F0D1FFE7FFE7FFE7FFE70499002048631B
:1054D0000498006B012805D1FFE70498818DFEF741
:1054E000C7FC03E00498FFF737F9FFE706B080BD7B
:1054F00080B582B001900198806B009000990120E6
:1055000048630098006B012806D1FFE70098818D61
:105510004908FEF7ADFC03E00098FFF751F9FFE7FB
:1055200002B080BD84B00390FFE7FFE703980068F6
:1055300050E8030F20F490700290FFE7029903985F
:10554000026842E803100028F0D1FFE7FFE7FFE719
:10555000FFE70398006850E8050F20F00100019074
:10556000FFE701990398026842E805100028F0D18E
:10557000FFE7FFE70398006B012814D1FFE7FFE77F
:10558000FFE70398006850E8030F20F01000009038
:10559000FFE700990398026842E803100028F0D161
:1055A000FFE7FFE7FFE70399202081F84200039916
:1055B0000020086304B0704780B582B00190019864
:1055C0000168C86820F04000C8600199202081F877
:1055D00041000198FFF7F8F8002002B080BD0000FC
:1055E00082B00190FFE7FFE70198006850E8030FE1
:1055F00020F0C0000090FFE700990198026842E89F
:1056000003100028F0D1FFE7FFE70199202081F87F
:10561000410002B07047000080B586B004900020C1
:1056200003900290049890F84200222840F0A08055
:10563000FFE704988068B0F5805F13D1FFE7049816
:10564000006978B9FFE70498806A029004980068BE
:1056500040686FF35F20029908800499886A0230DD
:10566000886223E00498806A039004988068B0F50B
:10567000805F08D0FFE70498806850B9FFE704987E
:10568000006930B9FFE70498006840680399087022
:1056900007E004980068406800F07F0003990870F4
:1056A000FFE70499886A01308862FFE70499C88D92
:1056B0000138C8850004002856D1FFE70498016826
:1056C000C86820F02000C86004980168C86820F409
:1056D0008070C86004980168486920F00100486142
:1056E0000499202081F8420004990020486304981E
:1056F000006B012830D1FFE7049900200863FFE721
:10570000FFE70498006850E8030F20F010000190B4
:10571000FFE701990498026842E803100028F0D1DD
:10572000FFE7FFE7049800680068C00600280ED570
:10573000FFE7FFE7002000900498006800680090F1
:1057400004980068406800900098FFE7FFE704981D
:10575000818DFEF78DFB03E00498FEF7FDFFFFE768
:1057600000208DF8170007E000208DF8170003E0F7
:1057700002208DF81700FFE79DF8170006B080BDE6
:1057800080B586B0059005980068006920F4405007
:10579000059A1168D26810430861059988680B69F9
:1057A0004A69C96918431043084304900598006882
:1057B000C06849F20C618843049908430599096857
:1057C000C86005980068406920F44070059A116827
:1057D0009269104348610598006841F20001C4F2E3
:1057E0000101884209D0FFE70598006841F20041B5
:1057F000C4F20101884204D1FFE7FDF753FB039097
:1058000003E0FDF73DFB0390FFE70598C069B0F5A5
:10581000004F29D1FFE703981921A0FB0101059A48
:105820001368029353685A00DB0FFAF733FD0299AD
:10583000864648F21F53C5F2EB13AEFB0320420924
:1058400010014FF0640C02FB1CEC322202EBCC0284
:10585000A2FB0332F82303EA521300EB4300C2F326
:1058600042121044886026E003981921A0FB010130
:10587000059A1368019353689A009B0FFAF70AFD83
:105880000199844648F21F52C5F2EB12ACFB02307C
:105890004309642003FB10CC322000EB0C10A0FB6A
:1058A0000202F02000EA521000EB0310C2F3431290
:1058B00010448860FFE706B080BD000080B58AB064
:1058C00008900791ADF81A20079808998862BDF8EA
:1058D0001A0008998885089900204864089A2221AE
:1058E00082F842100899CA6B45F2FD31C0F60001FA
:1058F000D1630899CA6B45F2F141C0F60001116409
:105900000899CA6B45F28131C0F60001D16408994B
:10591000C96B086507A8059008980168C06B043139
:10592000059A1268BDF81A30FCF7DAFD58B1FFE7A6
:105930000899102048640899202081F8420001202D
:105940008DF827004EE0FFE70020049008980068DB
:105950000068049008980068406804900498FFE785
:1059600008980069A0B1FFE7FFE7FFE70898006823
:1059700050E8030F40F480700390FFE70399089804
:10598000026842E803100028F0D1FFE7FFE7FFE7D5
:10599000FFE7FFE70898006850E8050F40F00100B6
:1059A0000290FFE702990898026842E80510002873
:1059B000F0D1FFE7FFE7FFE7FFE70898006850E84E
:1059C000050F40F040000190FFE701990898026838
:1059D00042E805100028F0D1FFE7FFE700208DF82E
:1059E0002700FFE79DF827000AB080BD80B540F68C
:1059F000C400C2F2000040F6E861C2F200010122D8
:105A0000FEF77EFE40F60C10C2F2000040F6E9619F
:105A1000C2F200010522FEF7CFF980BD83B00190EC
:105A2000019890F8410021283AD1FFE70198806859
:105A3000B0F5805F13D1FFE70198006978B9FFE7FF
:105A40000198006A0090009800886FF35F20019928
:105A5000096848600199086A0230086208E0019A02
:105A6000106A411C11620078019909684860FFE7DB
:105A70000199C88C0138C884000468B9FFE701980F
:105A80000168C86820F08000C86001980168C86893
:105A900040F04000C860FFE700208DF80B0003E0F5
:105AA00002208DF80B00FFE79DF80B0003B0704754
:105AB00080B540F6C400C2F20000FEF72FFA80BDA8
:105AC00080B540F60C10C2F20000FEF727FA80BD48
:105AD000FFE7FEE780B582B08DF807008DF806106D
:105AE0009DF8070020B9FFE70F208DF80700FFE7BA
:105AF0009DF807009DF8061040EA011049F6D422EF
:105B0000C0F60002002100F02BF802B080BD0000BA
:105B100080B584B08DF80F009DF80F2040F2780119
:105B2000C2F2000140F2A010C2F20000002A08BF39
:105B30000846029000208DF80700FFE79DF8070057
:105B400001280ADCFFE70298FAF7A4FDFFE79DF8B9
:105B5000070001308DF80700F0E704B080BD0000B9
:105B6000F0B593B012908DF84710109212980990EA
:105B700000200B909DF847000D90129800F00F0048
:105B80000F2814D1FFE7002000F0EEFB0790012062
:105B90008DF81B0000F020FD40B1FFE7002000F071
:105BA000E3FB089002208DF81B00FFE70AE0129843
:105BB00000F00F00013800F0D7FB079001208DF8AE
:105BC0001B00FFE700208DF81A00FFE79DF81A0080
:105BD0009DF81B1088422CDAFFE79DF81A1007A8E1
:105BE00050F82100FAF75EFE08B1FFE71BE09DF8D0
:105BF0001A1007A850F82100109F09990A9A0B9BC8
:105C0000DDF830C00D9C0E9D0F9EEE46CEF8107054
:105C1000CEF80C60CEF80850CEF80440CEF800C0A4
:105C2000FAF7AAFDFFE79DF81A0001308DF81A0077
:105C3000CCE713B0F0BD000080B584B00020039025
:105C4000FFE70398022867D8FFE7039800EB80017D
:105C500040F22840C2F20000029000EB411000F038
:105C600079FB0298039901EB81014901405CC0076F
:105C700020BBFFE7039800EB800140F22840C2F20E
:105C8000000000EB411200215170039901EB8101EA
:105C900000EB41104178807888420ED0FFE70398EE
:105CA00000EB800140F22840C2F2000000EB4110FE
:105CB00090F87C1000F092FCFFE729E0039800EBDD
:105CC000800140F22840C2F2000000EB4110417810
:105CD000807888420ED0FFE7039800EB800140F205
:105CE0002840C2F2000000EB411090F87C1000F058
:105CF00075FC0DE0039800EB800140F22840C2F2F1
:105D0000000000EB411090F87C1000F085FBFFE7ED
:105D100003980130039094E7002001902E21FFF7B3
:105D2000D9FE01982D21FFF7D5FE04B080BD0000FB
:105D300080B584B000200390FFE70398022800F2AA
:105D4000DD80FFE7039800EB800040F22841C2F2BB
:105D50000001019101EB40124FF07E505067039A11
:105D6000501C02EB820201EB421282F87C00039885
:105D700000EB800001EB4012002002909064039A37
:105D800002EB820201EB42125060039A02EB8202A4
:105D900001EB42129060039A02EB820201EB421285
:105DA0001061039A02EB820201EB42121062039A25
:105DB00002EB820201EB421341F26F22C3F603327F
:105DC0009A63039A02EB820201EB4213022283F8E8
:105DD0003C20039A02EB820201EB42125070039ABC
:105DE00002EB820201EB42129070039A02EB8202F4
:105DF00001EB421282F84000039A02EB8202520148
:105E00008854039801283AD8FFE7039800EB8001F3
:105E100040F22840C2F2000000EB41120021C4F21F
:105E2000C0019167039901EB810100EB411249F632
:105E30009A11C3F69971C2F88010039901EB8101A0
:105E400000EB41124DF20A71C3F6A351C2F884105F
:105E5000039901EB810100EB411246F26661C3F642
:105E6000E671C2F88810039901EB810100EB411142
:105E70004CF6CD40C3F64C60C1F88C0039E0039875
:105E800000EB800140F22840C2F2000000EB41121A
:105E90000021C4F210119167039901EB810100EB1D
:105EA000411249F69A11C3F69971C2F8801003990C
:105EB00001EB810100EB41124DF20A71C3F6A351CF
:105EC000C2F88410039901EB810100EB411246F204
:105ED0006661C3F6E671C2F88810039901EB81018F
:105EE00000EB41114CF6CD40C3F64C60C1F88C007C
:105EF000FFE7FFE70398013003901EE70F200090B3
:105F00001F21FFF7E7FD00989FED030A2E2100F007
:105F1000A7F904B080BD00BF0000000070B592B0CA
:105F20009C4613460A460146189D179CDDF858E02A
:105F30001A98199E11951094CDF83CE0CDF838C010
:105F40000D930C920B918DF82B000B9800F00F0025
:105F500009900B980009089000200790ADF81A00EE
:105F6000ADF818009DF82B100BA800F02BFA08B91B
:105F7000FFE760E10998013805900F98042840F088
:105F8000F580FFE708980A3801460191242800F2BD
:105F9000EB800199DFE811F0C000E800E800E800BC
:105FA000E800E800E800E800E800E800E800E800B1
:105FB000CE00DB00E800E800E800E800E800E800C8
:105FC000E8007A00E8009000E800E800A700E80098
:105FD000E800E800E800E800E8004F00E8005C00A6
:105FE0002500059800EB800140F22840C2F2000035
:105FF000009000EB4112116A1166059901EB8101D5
:1060000000EB4112199909681162059901EB8101B0
:1060100000EB411090ED080AFEF7EEFE009805999E
:1060200001EB810100EB411090ED1E1A80EE010A98
:1060300080ED080A99E0059800EB800140F22840C5
:10604000C2F2000000EB41111998006888628CE0F0
:10605000059800EB800140F22840C2F2000000EBFE
:10606000411219990968D161059901EB810100EB91
:10607000411090ED070A90ED1E2A9FED781A81EEEF
:10608000021A20EE010A80ED070A6EE0002004905B
:106090001998006804909DED040ABDEEC00A10EE48
:1060A000100A059901EB810240F22841C2F2000179
:1060B00001EB4211887058E00020039019980068A5
:1060C00003909DED030ABDEEC00A10EE100A05997B
:1060D00001EB810240F22841C2F2000101EB4211C2
:1060E00081F8400041E00020029019980068029079
:1060F0009DED020AFEF780FE059800EB800140F25C
:106100002840C2F2000000EB411090ED1E1A80EE14
:10611000010A80ED090A28E0059800EB800140F2B1
:106120002840C2F2000000EB411119980068C1F844
:1061300090001AE0059800EB800140F22840C2F27E
:10614000000000EB411119980068C8620DE0059845
:1061500000EB800140F22840C2F2000000EB411148
:1061600019980068086300E0FFE764E00F980828CA
:1061700060D1FFE7199800680790059800EB80014F
:1061800040F22840C2F2000000EB4112116A116691
:106190009DED070A9FED291A20EE010A9FED281AAE
:1061A00020EE010A9FED271A30EE010A059901EB56
:1061B000810100EB411191ED1E1A80EE010A81ED83
:1061C000080A19998988ADF81A10BDF91A1000EE5D
:1061D000101AB8EEC00A9FED1C1A80EE010A9FED5E
:1061E0001B2A20EE020A9FED1A2A30EE020A0599B8
:1061F00001EB810100EB411181ED070A1999C98872
:10620000ADF81810BDF9181000EE101AB8EEC00A5B
:1062100080EE010A9FED0F1A20EE010A9FED0E1A83
:1062200030EE010A059901EB810100EB411080ED90
:106230000A0AFFE7FFE712B070BD00BF0000802F21
:1062400000409C4600401CC600FF7F47000096436C
:10625000000016C30000A042000020C200007042EF
:1062600080B586B005AA009282ED000A8DF8130071
:106270008DF8121000200390029004208DF8070082
:106280009DF8130020B9FFE70F208DF813000BE0F5
:106290009DF81300042806D3FFE79DF813000F288C
:1062A00001D0FFE752E0FFE79DF81200242805D057
:1062B000FFE79DF812002E2817D1FFE7009890ED18
:1062C000000AFAF7ADFC00989DF8131001EB81026B
:1062D00040F22841C2F2000101EB421111ED0A1A0D
:1062E00020EE010A80ED000A22E09DF8120023282A
:1062F00005D0FFE79DF812000A2818D1FFE70098A3
:106300009DF8131001EB810240F22841C2F2000116
:1063100001EB421111ED0A1A9FED0D0A80EE011AF0
:1063200090ED000A80EE010A80ED000AFFE7FFE72A
:10633000059802909DF813009DF8121040EA011094
:106340009DF8071002AAFFF70BFCFFE706B080BD1F
:106350000000704281B00090009890F8400008B9A9
:10636000FFE7FFE701B0704783B0019001208DF88F
:1063700003009DF8030030B9FFE740F27800C2F255
:106380000000029005E040F2A010C2F2000002906E
:10639000FFE7029803B0704782B001908DF80310B8
:1063A000019801388DF8020001208DF801009DF858
:1063B00001009DF80310401AB0FA80F0400902B0C5
:1063C0007047000080B584B002908DF807100298E5
:1063D000806820B1FFE700208DF80F0017E00298D9
:1063E000006800F00F000090009820B1FFE70098CF
:1063F000042804D3FFE700208DF80F0007E0009881
:106400009DF80710FFF7C8FF8DF80F00FFE79DF814
:106410000F0004B080BD000080B584B003908DF8FB
:106420000B100398407801460191032800F2BB80CD
:106430000199DFE801F0B7310232039890ED010ACB
:1064400090ED111A30EE410A10EE100A03F054FAE2
:1064500041EC100B9FED581B50EC111BC20F51EC7F
:10646000100B62F3DF7141EC100B51EC100B9FED40
:10647000580B53EC102B03F086FA60B9FFE7039832
:1064800090ED010A9DF80B002321FFF7E9FE039927
:1064900048684864FFE78AE089E0039890F8340090
:1064A000C00700285DD1FFE7039890ED020A90ED48
:1064B000121A30EE410A10EE100A03F01DFA41ECF8
:1064C000100B9FED3D1B50EC111BC20F51EC100B3C
:1064D00062F3DF7141EC100B51EC100B9FED380BA8
:1064E00053EC102B03F04FFA60B9FFE7039988686B
:1064F0008864039890ED020A9DF80B002421FFF7B1
:10650000AFFE2DE0039890ED020AB5EE400AF1EEE1
:1065100010FA24D1FFE70398406A03F0EDF941EC4B
:10652000100B9FED251B50EC111BC20F51EC100BF3
:1065300062F3DF7141EC100B51EC100B9FED220B5D
:1065400053EC102B03F01FFA48B9FFE7039890EDC6
:10655000020A9DF80B002421FFF782FEFFE7FFE708
:106560001FE0039890F83500C007C8B1FFE7039813
:1065700090ED0E0A9DF80B001821FFF771FE0398AD
:1065800090F83C0000EE100AB8EE400A9DF80B00AF
:106590000F21FFF765FE0399002081F83500FFE722
:1065A000FFE704E0FFE7039900204870FFE704B02D
:1065B00080BD00BF00BF00BF000000000000000061
:1065C00000000040E17A843F000000000000E03F4E
:1065D000000000A09999B93F0020704780B584B0B1
:1065E00003908DF80B1003984078014601910B2819
:1065F0001FD80199DFE801F00606070D1D1D1D1DBE
:106600001D141D1816E00399002048600399486482
:1066100010E00399086A88600399086A886409E0B1
:1066200003990020087005E00399002081F84000DC
:1066300000E0FFE70398407800EE100AB8EE400A49
:106640009DF80B001F210091FFF70AFE00999DF8AD
:106650000B00FFF73FFA04B080BD000081B08DF859
:1066600003009DF9030000280ED4FFE79DF90310F5
:1066700001F01F02012090404A094EF20011CEF2B3
:10668000000141F82200FFE701B070474EF60C50C0
:10669000CEF200000068C0F30220704782B08DF88F
:1066A000070000919DF9070000280AD4FFE7009831
:1066B00000019DF907104EF20042CEF2000288540C
:1066C0000BE0009800019DF8071001F00F014EF655
:1066D0001452CEF200028854FFE702B07047000067
:1066E00082B08DF8070000919DF9070000280AD4B8
:1066F000FFE7009800019DF907104EF20042CEF22C
:10670000000288540BE0009800019DF8071001F08A
:106710000F014EF61452CEF200028854FFE702B089
:106720007047000083B00290029800F007000090CC
:106730004EF60C51CEF200010868019001984FF618
:10674000FF02104001900198009A40EA02200022C6
:10675000C0F2FA52104301900198086003B07047EC
:10676000BFF34F8F4EF60C51CEF20001086800F4D3
:10677000E0600422C0F2FA5210430860BFF34F8F6A
:10678000FFE700BFFDE7000080B582B00020019068
:10679000FCF732F9FEF7DEFBFEF7FEF9FEF77AF9B9
:1067A000FEF74EFAFEF798FAFEF7E4FAFEF768F8FD
:1067B000FEF700FBFEF7E8F8F9F70CFFFAF73EF8F2
:1067C000FFF714F9032001F003FAFFF7B1FAFAF723
:1067D00013F900F021F8FEF7A9F900F041F8FFE7FE
:1067E000FEE7000080B584B00290EFF305800390CF
:1067F000039820B1FFE76FF00500019009E0002049
:106800000190029820B1FFE7029801F023FDFFE715
:10681000FFE7019804B080BD82B0EFF305800190DE
:10682000019820B1FFE76FF00500009014E040F2FE
:10683000D420C2F20000006848B9FFE740F2D4213A
:10684000C2F20001012008600020009003E04FF038
:10685000FF300090FFE7FFE7009802B070470000AC
:1068600080B582B0EFF305800190019820B1FFE779
:106870006FF00500009019E040F2D420C2F2000051
:10688000006801280DD1FFE7FEF74CFB40F2D42150
:10689000C2F200010220086001F07AFD00200090A1
:1068A00003E04FF0FF300090FFE7FFE7009802B0F1
:1068B00080BD0000B0B58EB00B900A910992002007
:1068C0000690EFF305800D900D98002840F0998018
:1068D000FFE70B98002800F09480FFE780200790E6
:1068E00018200590002008904FF0FF300490099880
:1068F00000284DD0FFE70998006820B1FFE709980C
:1069000000680890FFE70998806920B1FFE70998BF
:1069100080690590FFE7059848B1FFE7059838289A
:1069200005D8FFE709980079C00718B1FFE70020F4
:106930000C9069E00998406928B1FFE7099840691F
:1069400080080790FFE70998806880B1FFE7099801
:10695000C0685C280BD3FFE70998006938B1FFE7EE
:106960000998406918B1FFE7012004900FE00998E9
:10697000806858B9FFE70998C06838B9FFE70998F7
:10698000006918B9FFE700200490FFE7FFE702E085
:1069900000200490FFE70498012817D1FFE70B9827
:1069A0000899079A0A9BDDF814C0DDF824E0DEF8A8
:1069B0000850DEF81040EE46CEF80850CEF80440FD
:1069C000CEF800C002F0D0FA069019E00498B0B9F1
:1069D000FFE70B980899BDF81C200A9BDDF814C04E
:1069E000EE4606ACCEF80440CEF800C002F06CFAD9
:1069F000012803D0FFE700200690FFE7FFE7FFE74D
:106A0000FFE706980C90FFE70C980EB0B0BD0000B1
:106A100080B584B00390029145F2C020C2F200001C
:106A20000068009040F64820C2F200000068043080
:106A300001F0C8F908B9FFE700E0FFE7039801306B
:106A400080B9FFE7029868B1FFE740F64820C2F23C
:106A500000000068011D45F29820C2F2000001F01C
:106A600057FA3DE00098039908440190019840F6D8
:106A70004821C2F2000109684860019800998842E3
:106A80000ED2FFE740F65820C2F20000006840F640
:106A90004821C2F200010968043101F003FA1EE046
:106AA00040F65020C2F20000006840F64821C2F2D1
:106AB00000010968043101F0F5F9019845F224213B
:106AC000C2F200010968884207D2FFE7019845F247
:106AD0002421C2F20001086000E0FFE7FFE7FFE7C2
:106AE00004B080BD80B582B0019001F039FA44F65F
:106AF000F821C2F2000108680130086040F6482021
:106B0000C2F20000006898B9FFE7019840F64821FA
:106B1000C2F20001086044F6F820C2F200000068EA
:106B2000012803D1FFE700F0F7FA00E0FFE71CE0DF
:106B300045F28C20C2F200000068A0B9FFE740F6E1
:106B40004820C2F200000068C06A0199C96A884200
:106B500007D8FFE7019840F64821C2F2000108601B
:106B600000E0FFE700E0FFE7FFE744F60430C2F291
:106B700000000168013101600068019948640198D2
:106B8000C06A44F60831C2F200010968884208D997
:106B9000FFE70198C06A44F60831C2F200010860BC
:106BA000FFE70199C86A00EB800240F66020C2F25C
:106BB000000000EB8200043101F0AAF901F0FCF9B9
:106BC00045F28C20C2F200000068C8B1FFE740F631
:106BD0004820C2F200000068C06A0199C96A884270
:106BE0000CD2FFE74EF60451CEF200014FF0805078
:106BF0000860BFF34F8FBFF36F8F00E0FFE700E047
:106C0000FFE702B080BD000080B584B001F0A8F9B4
:106C100045F2C420C2F200000068002840D1FFE71E
:106C200045F2C410C2F20000029001F01BF945F2D7
:106C3000D810C2F20000039001F014F902990398F1
:106C400040F64C22C2F20002116040F65C21C2F212
:106C50000001086069460020086040F65412C2F244
:106C6000000240F6F413C2F200030A20102101F0E2
:106C700035FD014645F2C420C2F200000160006803
:106C800060B1FFE745F2C420C2F20000006849F697
:106C9000F421C0F6000101F081FA00E0FFE700E016
:106CA000FFE701F089F904B080BD000080B582B033
:106CB000FFE744F6FC20C2F20000006808B3FFE7DB
:106CC00001F04EF945F2AC20C2F20000C068C06885
:106CD00001900198043001F075F844F6F821C2F2F1
:106CE000000108680138086044F6FC21C2F2000186
:106CF00008680138086001F05FF9019800F08CF82D
:106D0000D7E702B080BD000080B582B0019000914D
:106D10000198006CB8B1FFE70199C8680A6C10448B
:106D2000C86001988168C068884204D3FFE7019970
:106D30000868C86000E0FFE70098019AD168126C0B
:106D4000F9F720FBFFE702B080BD000080B586B0F8
:106D5000059004910392002002900598806B0190A9
:106D60000598006C78B9FFE70598006848B9FFE717
:106D70000598806802F068FA029005990020886002
:106D800000E0FFE741E00398B8B9FFE7059A0499EE
:106D90005068126CF9F7F6FA059948680A6C1044C5
:106DA0004860059948688968884204D3FFE70599D7
:106DB0000868486000E0FFE726E0059A0499D0687B
:106DC000126CF9F7DFFA0599C8680A6C801AC86076
:106DD00005980168C068884206D2FFE7059988686F
:106DE0000A6C801AC86000E0FFE70398022809D106
:106DF000FFE7019820B1FFE701980138019000E01A
:106E0000FFE700E0FFE7FFE7FFE7019801300599A2
:106E10008863029806B080BD80B582B0009000986B
:106E200090F8590040B9FFE70098006B01F0EAF8CC
:106E3000009801F0E7F81CE0009890F8590001284C
:106E400004D1FFE7009801F0DDF811E0009890F818
:106E5000590002280BD0FFE74FF0500080F3118853
:106E6000BFF36F8FBFF34F8F0190FFE7FEE7FFE7A0
:106E7000FFE702B080BD000082B0019040F64C20D8
:106E8000C2F2000000680068B0FA80F04009019981
:106E900008600198006848B9FFE740F64C20C2F24C
:106EA00000000068C0680068009002E000200090C8
:106EB000FFE7009802B0704784B04FF47050009024
:106EC00040F6EE60C2F2000001909DF80400400719
:106ED00088B1FFE7019807300190019820F0070082
:106EE0000190019A40F6EE61C2F200010098891A01
:106EF00008440090FFE701980290029945F2902023
:106F0000C2F200000160002141600298009A104422
:106F10000190019808380190019820F00700019035
:106F2000019A40F65420C2F20000026002685160EB
:106F300002681160029903910199039A891A5160BC
:106F40000068039908600398406845F22021C2F266
:106F5000000108600398406845F21821C2F2000160
:106F6000086045F2EC11C2F200014FF000400860E9
:106F700004B0704780B582B00190FFE7FFF796FE3E
:106F800040F66020C2F20000006802280CD3FFE740
:106F90004EF60451CEF200014FF080500860BFF36E
:106FA0004F8FBFF36F8F00E0FFE7E7E780B584B056
:106FB000DDF818C00390029101928DF80330029819
:106FC00018B9FFE70698006003E001980699086089
:106FD000FFE703980699C863029806990864069823
:106FE000012101F003FC9DF80300069981F84C0093
:106FF00004B080BD80B588B0DDF834C0DDF830C0A5
:10700000DDF82CC0DDF828C00690059104920393AA
:107010000C98006B04998900A522F9F7F8F90C98EF
:10702000006B049900EB810004380290029820F074
:10703000070002909DF80800400758B1FFE74FF0A5
:10704000500080F31188BFF36F8FBFF34F8F07900D
:10705000FFE7FEE70598F8B1FFE700200190FFE7A2
:1070600001980F2813D8FFE70598019A805C0C99C6
:10707000114481F8340005980199405C08B9FFE794
:1070800005E0FFE7FFE7019801300190E8E70C9980
:10709000002081F8430004E00C99002081F83400BE
:1070A000FFE70A98382803D3FFE737200A9000E06B
:1070B000FFE70A980C99C8620A980C99C8640C9961
:1070C0000020009008650C98043000F0E3FE0C9856
:1070D000183000F0DFFE00980C9909610A99C1F19F
:1070E00038010C9A91610C9949620C9948650C9988
:1070F00081F8580002980699039A00F0D1FC0C9987
:1071000008600B9820B1FFE70C980B99086000E02D
:10711000FFE708B080BD000080B584B00020039078
:10712000FFE70398372810D8FFE7039800EB8001AA
:1071300040F66020C2F2000000EB810000F092FEF9
:10714000FFE7039801300390EBE745F2F010C2F23D
:107150000000019000F086FE45F20420C2F200001B
:10716000029000F07FFE45F23820C2F2000000F0ED
:1071700079FE45F2AC20C2F2000000F073FE45F249
:107180009820C2F2000000F06DFE0199029840F6CE
:107190005022C2F20002116040F65821C2F20001F2
:1071A000086004B080BD000083B0029045F29020DA
:1071B000C2F200000190FFE701980068029988423E
:1071C00005D2FFE7FFE7019800680190F4E7019816
:1071D000009000980199496808440299884209D1B1
:1071E000FFE7029842680199486810444860019896
:1071F000029000E0FFE70298009000980299496829
:10720000084401990968884220D1FFE70198006885
:1072100040F65421C2F20001096888420DD0FFE710
:1072200001980068426802994868104448600198D3
:10723000006800680299086007E040F65420C2F236
:107240000000006802990860FFE704E00198006808
:1072500002990860FFE701980299884204D0FFE78D
:1072600002980199086000E0FFE703B07047000052
:1072700080B586B00590049103920293002001909E
:10728000049805994860059800610498039988421C
:1072900016D8FFE703980299401A05998969884230
:1072A00003D3FFE70120019009E040F65C20C2F221
:1072B000000000680599043100F0F4FDFFE717E0D5
:1072C00003980299884208D2FFE7049802998842FD
:1072D00003D3FFE70120019009E040F64C20C2F201
:1072E000000000680599043100F0DCFDFFE7FFE7CE
:1072F000019806B080BD000080B582B0019000F01A
:107300002FFE0198806B18B9FFE70120009002E082
:1073100000200090FFE700F04FFE009802B080BD13
:1073200080B582B0019000F01BFE0198806B01993E
:10733000C96B884203D1FFE70120009002E00020E2
:107340000090FFE700F038FE009802B080BD00001A
:1073500008480068006880F308884FF0000080F358
:10736000148862B661B6BFF34F8FBFF36F8F00DF33
:1073700000BF000008ED00E080B586B004900391E6
:1073800040F64C20C2F200000068C068C06801905E
:107390000198043000F016FD019890F8280040078D
:1073A000002823D5FFE70198049B81691944039ABB
:1073B000FFF75EFFC0B1FFE70198049A694600231A
:1073C0000B60194602F02CF90290029858B9FFE7B9
:1073D0004FF0500080F31188BFF36F8FBFF34F8FD2
:1073E0000590FFE7FEE700E0FFE707E0019991F86D
:1073F000280000F0FE0081F82800FFE70198016AEC
:10740000884706B080BD000080B58EB0FFE745F22A
:10741000C420C2F20000006807A9002201F000FCAD
:10742000002800F0B880FFE70798B0F1FF3F17DCB5
:10743000FFE707A804300290029858B9FFE74FF021
:10744000500080F31188BFF36F8FBFF34F8F0D9003
:10745000FFE7FEE702990A6848688968904700E0FC
:10746000FFE70798002800F19580FFE7099806904C
:107470000698406928B1FFE70698043000F0A2FCA6
:1074800000E0FFE705A800F0FBF8039007980190E3
:10749000092800F27D800199DFE801F00505053D2E
:1074A000456605053D45069991F8280040F0010024
:1074B00081F828000698089B81691944039AFFF710
:1074C000D7FE30B3FFE70698016A8847069890F820
:1074D0002800400700281AD5FFE706980899826916
:1074E0000A44694600230B60194602F099F804909B
:1074F000049858B9FFE74FF0500080F31188BFF3AC
:107500006F8FBFF34F8F0C90FFE7FEE700E0FFE7C0
:1075100000E0FFE73DE0069991F8280000F0FE004A
:1075200081F8280035E0069991F8280040F0010024
:1075300081F828000898069988610698806958B9EA
:10754000FFE74FF0500080F31188BFF36F8FBFF358
:107550004F8F0B90FFE7FEE70698039B8169194464
:107560001A46FFF785FE14E0069890F82800800779
:10757000002804D4FFE7069800F044FD07E00699D0
:1075800091F8280000F0FE0081F82800FFE700E0F5
:10759000FFE7FFE73BE70EB080BD000080B584B099
:1075A0000390029100F064FF684600F069F80190D2
:1075B0000098D8BBFFE7029860B9FFE703980199EC
:1075C000884207D8FFE701F01DFF03980199FFF7F4
:1075D000D3FE2AE0029858B1FFE740F65C20C2F2E1
:1075E000000000680068B0FA80F040090290FFE7F0
:1075F00045F2C420C2F2000000680399019A891A7A
:10760000029A00F0F5FD01F0FDFE60B9FFE74EF6CD
:107610000451CEF200014FF080500860BFF34F8F4D
:10762000BFF36F8F00E0FFE7FFE702E001F0EAFE43
:10763000FFE704B080BD000081B040F65020C2F2E8
:1076400000000068006840B9FFE745F22421C2F25B
:1076500000014FF0FF3008600FE040F65020C2F20A
:1076600000000068C068C06800900098406845F25B
:107670002421C2F200010860FFE701B0704700005A
:1076800080B582B0019001F0F3FC0090009840F6C4
:107690004421C2F200010968884206D2FFE700F0E7
:1076A00011F801990120086003E0019900200860A9
:1076B000FFE7009840F64421C2F2000108600098FC
:1076C00002B080BD80B588B0FFE740F64C20C2F222
:1076D00000000068006800284ED0FFE740F64C200C
:1076E000C2F200000168C968096806910068C068B4
:1076F000C06803900398043000F064FB0398016AAB
:107700008847039890F828004007002832D5FFE703
:107710000698039989690844059005980699884256
:107720000FD9FFE70598039948600398006140F678
:107730004C20C2F2000000680399043100F0B2FB53
:1077400017E00398069A694600230B60194601F07A
:1077500067FF0290029858B9FFE74FF0500080F39E
:107760001188BFF36F8FBFF34F8F0790FFE7FEE7DE
:10777000FFE700E0FFE7A8E740F64C22C2F2000274
:107780001068049040F65C21C2F2000108681060A5
:107790000498086008B080BD83B00020009040F2DB
:1077A0000C00C2F200000068013058B1FFE74FF052
:1077B000500080F31188BFF36F8FBFF34F8F02909B
:1077C000FFE7FEE74FF0500080F31188BFF36F8FA3
:1077D000BFF34F8F0190FFE7009808B9FFE7FBE781
:1077E00003B0704780B584B00390FFE701A8FFF7AE
:1077F00043FB029002980199FFF7D0FEFFF704FEC9
:10780000F4E7000080B582B0019000F0A9FB019878
:1078100090F845008DF80300FFE79DF9030001286B
:1078200016DBFFE70198406A58B1FFE70198243062
:1078300001F080FD18B1FFE700F056FD00E0FFE722
:1078400000E005E09DF8030001388DF80300E4E74F
:107850000199FF2081F8450000F0AEFB00F080FBAD
:10786000019890F844008DF80200FFE79DF90200AE
:10787000012816DBFFE70198006980B1FFE7019856
:10788000103001F057FD18B1FFE700F02DFD00E0CA
:10789000FFE79DF8020001388DF8020000E000E0EB
:1078A000E4E70199FF2081F8440000F085FB02B075
:1078B00080BD000080B58AB006900020029000F0E4
:1078C000D7FD40F65420C2F20000006818B9FFE767
:1078D000FFF7F2FA00E0FFE7069845F2EC11C2F27A
:1078E00000010968084240F0C580FFE7069800B330
:1078F000FFE70698083006909DF818004007B0B1E1
:10790000FFE7069820F00700083006909DF8180061
:10791000400758B1FFE74FF0500080F31188BFF3E4
:107920006F8FBFF34F8F0990FFE7FEE700E0FFE79F
:1079300000E0FFE70698002800F09A80FFE706982D
:1079400045F21821C2F200010968884200F29080D5
:10795000FFE745F29020C2F2000004900068059015
:10796000FFE705984168069A00209142019007D2EE
:10797000FFE705980068002818BF01200190FFE785
:107980000198C00730B1FFE705980490059800689A
:107990000590E6E7059840F65421C2F20001096817
:1079A000884263D0FFE70498006808300290059889
:1079B000006804990860059840680699401A1128E3
:1079C00021D3FFE705980699084403909DF80C0021
:1079D000400758B1FFE74FF0500080F31188BFF324
:1079E0006F8FBFF34F8F0890FFE7FEE70598406861
:1079F0000699401A039948600698059948600398CB
:107A0000FFF7D2FB00E0FFE70598426845F2182037
:107A1000C2F200000168891A0160006845F2202165
:107A2000C2F20001096888420BD2FFE745F2182034
:107A3000C2F20000006845F22021C2F20001086095
:107A400000E0FFE745F2EC10C2F200000268059981
:107A500048681043486005990020086045F22C21D1
:107A6000C2F2000108680130086000E0FFE700E0B2
:107A7000FFE700E0FFE701F0C5FC9DF808004007C4
:107A800058B1FFE74FF0500080F31188BFF36F8FBC
:107A9000BFF34F8F0790FFE7FEE702980AB080BD63
:107AA00083B00290019100920298043802900299EA
:107AB0004FF080700860029804380290019820F01E
:107AC000010002990860029804380290029947F276
:107AD0009970C0F60000086002981438029000986F
:107AE0000299086002980438029002996FF002002F
:107AF0000860029820380290029803B07047000096
:107B000080B584B003900291029800780399097AB5
:107B1000884201D1FFE740E002980078039908729B
:107B200000200190FFE70198032829DCFFE7029875
:107B300000780007002807D5FFE7039908688988BF
:107B40000122FAF72DFF06E00399086889880022D0
:107B5000FAF726FFFFE702990878400008700399BA
:107B60000868C9880122FAF71BFF03990868C988C9
:107B70000022FAF715FFFFE7019801300190D2E7E4
:107B800003990868C9880122FAF70AFF039908686F
:107B9000C9880022FAF704FFFFE704B080BD0000A7
:107BA00083B002900191ADF80220ADF80030019849
:107BB00002990860BDF8020002998880BDF80000B3
:107BC0000299C8800299F020087203B07047000043
:107BD00080B594B08DF84F00002012901190109055
:107BE0000F900E909DF84F0001460A91012808D091
:107BF000FFE70A98022839D0FFE70A98032867D0E0
:107C00009DE040F6C460C2F200000021C4F202010F
:107C10004FF400724FF48063FFF7C2FFFFE70020CC
:107C20000D9043F63000C4F20200016841F00101FA
:107C30000160006800F001000D900D98FFE7002042
:107C4000C4F2020009904FF4C0610791002208922B
:107C5000FAF7A6FE0799089A09980E9101210F914B
:107C6000109211910EA9FAF7BFFC69E040F6D060BE
:107C7000C2F200000021C4F2020104220823FFF72F
:107C80008FFFFFE700200C9043F63000C4F20200A3
:107C9000016841F001010160006800F001000C90F2
:107CA0000C98FFE70020C4F2020006900C2104911A
:107CB00000220592FAF774FE0499059A06980E912F
:107CC00001210F91109211910EA9FAF78DFC37E066
:107CD00040F6DC60C2F2000040F60001C4F202018E
:107CE0004FF480624FF40063FFF75AFFFFE7002074
:107CF0000B9043F63000C4F20200016841F0040129
:107D00000160006800F004000B900B98FFE740F65C
:107D10000000C4F2020003904FF440610191002280
:107D20000292FAF73DFE0199029A03980E91012101
:107D30000F91109211910EA9FAF756FC00E0FFE79F
:107D40009DF84F00002100F003F814B080BD000042
:107D500080B582B08DF807008DF806109DF80600FA
:107D600000F00F008DF805009DF807000146009116
:107D7000012808D0FFE7009802280DD0FFE70098FF
:107D8000032812D01AE040F6C460C2F200000DF1E0
:107D90000501FFF7B5FE12E040F6D060C2F2000028
:107DA0000DF10501FFF7ACFE09E040F6DC60C2F220
:107DB00000000DF10501FFF7A3FE00E0FFE702B0B0
:107DC00080BD000082B00190019800690090019888
:107DD00041688068886001994868896848600098AF
:107DE00040680199884205D1FFE7019880680099B1
:107DF000486000E0FFE701990020086100990868E9
:107E0000013808600098006802B0704783B00290A3
:107E100001910092029944F60C50C2F200000860F1
:107E2000019944F60C30C2F20000086000998020ED
:107E3000086003B07047000083B002900191009287
:107E4000029945F26810C2F200000860019944F6F8
:107E50006850C2F20000086000994FF4807008601A
:107E600003B0704781B00090009901F108004860AC
:107E700000994FF0FF308860009901F10800C86058
:107E8000009901F10800086100990020086001B024
:107E90007047000081B0009000990020086101B097
:107EA0007047000084B0039002910298006800902F
:107EB0000098013020B9FFE703980069019010E0B5
:107EC000039808300190FFE7019840680068009926
:107ED000884205D8FFE7FFE7019840680190F3E783
:107EE000FFE70198406802994860029841688860FD
:107EF0000198029988600298019948600398029954
:107F00000861039908680130086004B070470000F8
:107F100083B0029001910298406800900098019906
:107F20004860009880680199886001980099896884
:107F30004860019800998860029801990861029947
:107F400008680130086003B070470000DFF80C00DB
:107F5000016841F4700101607047000088ED00E0A5
:107F600082B04FF0500080F31188BFF36F8FBFF3E2
:107F70004F8F019040F20C00C2F200000168013105
:107F800001600068012814D1FFE74EF60450CEF2DC
:107F900000000068000658B1FFE74FF0500080F382
:107FA0001188BFF36F8FBFF34F8F0090FFE7FEE79D
:107FB000FFE702B07047000082B040F20C00C2F24E
:107FC0000000006858B9FFE74FF0500080F31188B7
:107FD000BFF36F8FBFF34F8F0090FFE7FEE740F2D4
:107FE0000C00C2F20000016801390160006830B97C
:107FF000FFE700200190019880F31188FFE702B0AD
:108000007047000080B586B00390039802900398F3
:1080100000285CD0FFE7029808380290029801908F
:108020000198406845F2EC11C2F20001096808426B
:108030000BD1FFE74FF0500080F31188BFF36F8F33
:10804000BFF34F8F0590FFE7FEE70198006858B136
:10805000FFE74FF0500080F31188BFF36F8FBFF33D
:108060004F8F0490FFE7FEE70198406845F2EC115E
:10807000C2F200010968084227D0FFE701980068B2
:1080800008BBFFE745F2EC10C2F20000026801995C
:1080900048689043486000F0EBF90198426845F267
:1080A0001821C2F200010868104408600198FFF727
:1080B0007BF845F23021C2F2000108680130086007
:1080C00001F0A0F900E0FFE700E0FFE7FFE706B0FE
:1080D00080BD00004EF21001CEF2000100200860C9
:1080E0004EF21802CEF20002106040F20000C2F21E
:1080F0000000006844F6D352C1F26202A0FB020203
:108100004FF0FF3000EB92104EF21402CEF200025C
:10811000106007200860704784B0EFF3058001907D
:10812000019810281ED3FFE701984EF2F031CEF2ED
:108130000001405C8DF803009DF8030044F6EE2139
:10814000C2F20001097888420BDAFFE74FF05000D5
:1081500080F31188BFF36F8FBFF34F8F0390FFE75A
:10816000FEE7FFE74EF60C50CEF20000006800F488
:10817000E06044F6F021C2F20001096888420BD9A0
:10818000FFE74FF0500080F31188BFF36F8FBFF30C
:108190004F8F0290FFE7FEE704B0704783B0029074
:1081A000019100200090FFE7009807281DD8FFE705
:1081B000009945F24C20C2F2000050F8310070B92D
:1081C000FFE70198009A45F24C21C2F2000141F804
:1081D00032000298009A01EBC201486005E0FFE717
:1081E000FFE7009801300090DEE703B07047000021
:1081F00080B584B003900291019203980090FFF73C
:10820000AFFE009890F94400013028B9FFE70099CB
:10821000002081F84400FFE7009890F94500013004
:1082200028B9FFE70099002081F84500FFE7FFF734
:10823000C3FE0098806B38B9FFE70098243002999C
:10824000019A00F07BF800E0FFE70098FFF7DAFA08
:1082500004B080BD80B584B00290002001900298E7
:10826000E0B1FFE744F60030C2F20000006858B108
:10827000FFE74FF0500080F31188BFF36F8FBFF31B
:108280004F8F0390FFE7FEE700F0F2F8029800211D
:10829000FEF7BEFB01F0B6F8019000E0FFE70198A1
:1082A00060B9FFE74EF60451CEF200014FF0805066
:1082B0000860BFF34F8FBFF36F8F00E0FFE704B09C
:1082C00080BD000081B0009045F22820C2F200007D
:1082D00000680099086045F2C020C2F20000006802
:1082E0000099486001B0704745F2CC21C2F200010C
:1082F000012008607047000080B584B002900191B1
:10830000029858B9FFE74FF0500080F31188BFF38F
:108310006F8FBFF34F8F0390FFE7FEE7029840F6A1
:108320004821C2F2000109681831FFF7BBFD01982E
:108330000121FEF76DFB04B080BD000080B584B064
:10834000029001910092029858B9FFE74FF0500057
:1083500080F31188BFF36F8FBFF34F8F0390FFE758
:10836000FEE7029840F64821C2F200010968183180
:10837000FFF7CEFD009820B1FFE74FF0FF300190EE
:10838000FFE701980099FEF743FB04B080BD0000B1
:1083900080B58AB0002003900690059006A805A934
:1083A00004AAFFF733FD039B049A0599DDF818C072
:1083B0006846C0F808C04160036046F67570C0F6B4
:1083C000000049F6EF21C0F6000100F0CDFD0146A6
:1083D00045F21C20C2F200000160006818B1FFE7FE
:1083E0000120079002E000200790FFE7079801288E
:1083F00004D1FFE701F0CAF8079000E0FFE7079813
:10840000012823D1FFE74FF0500080F31188BFF31C
:108410006F8FBFF34F8F099045F22421C2F2000104
:108420004FF0FF30086045F28C21C2F200010120BC
:10843000086045F2C021C2F200010020086000F08F
:1084400083F808B1FFE700E0FFE70FE0079801308D
:1084500058B9FFE74FF0500080F31188BFF36F8FDA
:10846000BFF34F8F0890FFE7FEE7FFE70AB080BD3C
:1084700044F60031C2F2000108680130086070471C
:1084800083B044F60030C2F20000006838B1FFE764
:1084900045F2CC21C2F200010120086051E045F212
:1084A000CC21C2F200010020086044F60830C2F27C
:1084B000000000680190FFE7019800EB800140F6A2
:1084C0006020C2F2000050F8210090B9FFE7019847
:1084D00058B9FFE74FF0500080F31188BFF36F8F5A
:1084E000BFF34F8F0290FFE7FEE70198013801903C
:1084F000E2E7019800EB800140F66020C2F2000044
:1085000000EB81000090009948684068486000993D
:1085100048680831884205D1FFE7009948684068FB
:108520004860FFE700984068C06840F64821C2F202
:1085300000010860019844F60831C2F200010860A9
:10854000FFE703B07047000080B588B04EF60050DA
:10855000CEF2000000684CF27121C4F20F11884283
:108560000BD1FFE74FF0500080F31188BFF36F8FFE
:10857000BFF34F8F0790FFE7FEE74EF60050CEF2B5
:10858000000000684CF27021C4F20F1188420BD138
:10859000FFE74FF0500080F31188BFF36F8FBFF3F8
:1085A0004F8F0690FFE7FEE74EF20040CEF200004C
:1085B000039001780491FF21017000788DF80B0081
:1085C0009DF80B0000F0500044F6EE21C2F20001CD
:1085D000087044F6F021C2F2000107200860FFE7AE
:1085E0009DF80B00000600280DD5FFE744F6F021AA
:1085F000C2F200010868013808609DF80B004000D5
:108600008DF80B00ECE744F6F020C2F200000068A1
:1086100003280BD0FFE74FF0500080F31188BFF321
:108620006F8FBFF34F8F0590FFE7FEE744F6F02111
:10863000C2F20001086800020860086800F4E06007
:10864000086004984EF20041CEF2000108704EF628
:108650002051CEF20001086840F4700008600868FC
:1086600040F070400860FFF735FD40F20C01C2F2A7
:108670000001002001900860FFF768FC4EF634719D
:10868000CEF20001086840F040400860FEF760FE4E
:10869000FFF7F6FEFFF780F8019808B080BD0000F4
:1086A00080B582B04FF0500080F31188BFF36F8F18
:1086B000BFF34F8F009000F0E5FC40B1FFE74EF6AE
:1086C0000451CEF200014FF080500860FFE7002017
:1086D0000190019880F3118802B080BD80B590B000
:1086E00084461298CDF828C00991089207938DF816
:1086F0001B000A9858B9FFE74FF0500080F311882B
:10870000BFF36F8FBFF34F8F0F90FFE7FEE7079820
:1087100058B9FFE74FF0500080F31188BFF36F8F17
:10872000BFF34F8F0E90FFE7FEE7089900200390FC
:1087300031B1FFE70998B0FA80F040090390FFE7F4
:108740000398C00758B1FFE74FF0500080F311883D
:10875000BFF36F8FBFF34F8F0D90FFE7FEE70899D0
:108760000020029031B9FFE70998002818BF0120C6
:108770000290FFE70298C00758B1FFE74FF05000A2
:1087800080F31188BFF36F8FBFF34F8F0C90FFE71B
:10879000FEE750200490049850280BD0FFE74FF0DC
:1087A000500080F31188BFF36F8FBFF34F8F0B9092
:1087B000FFE7FEE7049807980590059888B1FFE762
:1087C0000599012081F846000A980999089A9DF8B0
:1087D0001B30DDF814C0EE46CEF800C0FEF7E6FB15
:1087E00000E0FFE7059810B080BD000080B584B0C0
:1087F0000290019102980090009858B9FFE74FF05D
:10880000500080F31188BFF36F8FBFF34F8F039039
:10881000FFE7FEE7FFF7A4FB00990B68C86B0A6C43
:1088200000FB023088600099002088630099086886
:10883000486000990B68C86B0A6C013800FB023075
:10884000C8600099FF2081F84400009981F8450034
:108850000198D0B9FFE700980069A0B1FFE7009840
:10886000103000F067FD60B1FFE74EF60451CEF224
:1088700000014FF080500860BFF34F8FBFF36F8F40
:1088800000E0FFE700E0FFE708E000981030FFF7A6
:10889000E9FA00982430FFF7E5FAFFE7FFF78CFBD1
:1088A000012004B080BD000080B592B00C900B9107
:1088B0000A920993002008900C980490049858B9E3
:1088C000FFE74FF0500080F31188BFF36F8FBFF3C5
:1088D0004F8F1190FFE7FEE70B990020039039B905
:1088E000FFE70498006C002818BF01200390FFE701
:1088F0000398C00758B1FFE74FF0500080F311888C
:10890000BFF36F8FBFF34F8F1090FFE7FEE709991A
:1089100000200229029007D1FFE70498C06B0138BC
:1089200018BF01200290FFE70298C00758B1FFE787
:108930004FF0500080F31188BFF36F8FBFF34F8F5C
:108940000F90FFE7FEE700F077FB01460020019063
:1089500031B9FFE70A98002818BF01200190FFE70E
:108960000198C00758B1FFE74FF0500080F311881D
:10897000BFF36F8FBFF34F8F0E90FFE7FEE7FFE768
:10898000FFF7EEFA0498806B0499C96B884204D310
:10899000FFE70998022834D1FFE704980B99099A58
:1089A000FEF7D4F907900498406AA0B1FFE7049855
:1089B000243000F0BFFC60B1FFE74EF60451CEF268
:1089C00000014FF080500860BFF34F8FBFF36F8FEF
:1089D00000E0FFE710E0079860B1FFE74EF60451B2
:1089E000CEF200014FF080500860BFF34F8FBFF30D
:1089F0006F8F00E0FFE7FFE7FFF7DEFA01200D9041
:108A000065E00A9828B9FFE7FFF7D6FA00200D9035
:108A10005DE0089830B9FFE705A8FFF753FC012097
:108A2000089000E0FFE7FFE7FFE7FFF7C5FAFFF771
:108A30001FFDFFF795FA049890F94400013028B91A
:108A4000FFE70499002081F84400FFE7049890F9BB
:108A50004500013028B9FFE70499002081F845005E
:108A6000FFE7FFF7A9FA05A80AA900F0C7F928BB94
:108A7000FFE70498FEF754FCC8B1FFE704981030F4
:108A80000A99FFF739FC0498FEF7BCFE00F0BAFC27
:108A900060B9FFE74EF60451CEF200014FF080506E
:108AA0000860BFF34F8FBFF36F8FFFE705E00498B7
:108AB000FEF7A8FE00F0A6FCFFE707E00498FEF72B
:108AC000A1FE00F09FFC00200D9000E058E70D98FB
:108AD00012B080BD80B592B00B900A9109920893B4
:108AE0000B980590059858B9FFE74FF0500080F3B8
:108AF0001188BFF36F8FBFF34F8F0E90FFE7FEE734
:108B00000A990020029039B9FFE70598006C002807
:108B100018BF01200290FFE70298C00758B1FFE795
:108B20004FF0500080F31188BFF36F8FBFF34F8F6A
:108B30000D90FFE7FEE7089900200229019007D178
:108B4000FFE70598C06B013818BF01200190FFE7CF
:108B50000198C00758B1FFE74FF0500080F311882B
:108B6000BFF36F8FBFF34F8F0C90FFE7FEE7FFF768
:108B7000D3FAEFF311814FF0500080F31188BFF367
:108B80006F8FBFF34F8F10910F901098069005983C
:108B9000806B0599C96B884204D3FFE708980228C7
:108BA00033D1FFE7059890F845008DF8130005983C
:108BB000806B039005980A99089AFEF7C7F89DF90B
:108BC00013000130B8B9FFE70598406A88B1FFE7A4
:108BD0000598243000F0AEFB48B1FFE7099820B1BA
:108BE000FFE709990120086000E0FFE700E0FFE7E8
:108BF00000E0FFE706E09DF813000130059981F8D9
:108C00004500FFE70120079002E000200790FFE702
:108C100006981190119880F31188079812B080BDC2
:108C200080B58EB0099008910792002006900998AF
:108C30000390039858B9FFE74FF0500080F3118874
:108C4000BFF36F8FBFF34F8F0D90FFE7FEE70899DB
:108C50000020019039B9FFE70398006C002818BF85
:108C600001200190FFE70198C00758B1FFE74FF0DE
:108C7000500080F31188BFF36F8FBFF34F8F0C90BC
:108C8000FFE7FEE700F0D8F901460020009031B977
:108C9000FFE70798002818BF01200090FFE7009821
:108CA000C00758B1FFE74FF0500080F31188BFF3C1
:108CB0006F8FBFF34F8F0B90FFE7FEE7FFE7FFF7E4
:108CC0004FF90398806B0290029830B3FFE7039846
:108CD0000899FEF719F802980138039988630398F8
:108CE0000069A0B1FFE70398103000F023FB60B1EA
:108CF000FFE74EF60451CEF200014FF080500860BD
:108D0000BFF34F8FBFF36F8F00E0FFE700E0FFE797
:108D1000FFF752F901200A906DE0079828B9FFE7A4
:108D2000FFF74AF900200A9065E0069830B9FFE79E
:108D300004A8FFF7C7FA0120069000E0FFE7FFE76D
:108D4000FFE7FFF739F9FFF793FBFFF709F90398FE
:108D500090F94400013028B9FFE70399002081F819
:108D60004400FFE7039890F94500013028B9FFE778
:108D70000399002081F84500FFE7FFF71DF904A8DB
:108D800007A900F03BF830BBFFE70398FEF7B4FA01
:108D9000D0B1FFE7039824300799FFF7ADFA0398A5
:108DA000FEF730FD00F02EFB60B9FFE74EF60451F0
:108DB000CEF200014FF080500860BFF34F8FBFF339
:108DC0006F8F00E0FFE705E00398FEF71BFD00F062
:108DD00019FBFFE70EE00398FEF714FD00F012FB0D
:108DE0000398FEF789FA18B1FFE700200A9002E025
:108DF000FFE7FFE763E70A980EB080BD80B588B053
:108E000005900491059858B9FFE74FF0500080F3A2
:108E10001188BFF36F8FBFF34F8F0790FFE7FEE717
:108E2000049858B9FFE74FF0500080F31188BFF362
:108E30006F8FBFF34F8F0690FFE7FEE7FFF790F8C5
:108E400045F2C020C2F20000006802900298059925
:108E50004968401A019004980068013018B9FFE78A
:108E6000002003902BE045F22820C2F200000068A9
:108E700005990968884209D0FFE702980599496871
:108E8000884203D3FFE70120039017E0019804997B
:108E9000096888420BD2FFE7019A04990868801A92
:108EA00008600598FFF70EFA0020039005E004998A
:108EB0000020086001200390FFE7FFE7FFE7FFF7CE
:108EC0007BF8039808B080BD70B58CB0DDF844C065
:108ED000DDF840C00B900A91ADF826200893BDF84C
:108EE00026008000FEF7E6FC0590059880B1FFE7BC
:108EF0005C20FEF7DFFC0790079820B1FFE705989C
:108F00000799086303E00598FFF77CF8FFE702E0A4
:108F100000200790FFE70798F0B1FFE707980026C9
:108F200080F859600B980A99BDF82620089BDDF857
:108F300040C0119C079DEE46CEF80C60CEF808505C
:108F4000CEF80440CEF800C0FEF754F80798FDF7BD
:108F5000C9FD0120069003E04FF0FF300690FFE7C7
:108F600006980CB070BD0000B0B58EB0DDF850C0F2
:108F7000DDF84CC0DDF848C00A90099108920793CB
:108F8000139858B9FFE74FF0500080F31188BFF3F2
:108F90006F8FBFF34F8F0D90FFE7FEE7149858B91E
:108FA000FFE74FF0500080F31188BFF36F8FBFF3DE
:108FB0004F8F0C90FFE7FEE75C20049004985C283C
:108FC0000BD0FFE74FF0500080F31188BFF36F8F95
:108FD000BFF34F8F0B90FFE7FEE70498149820B380
:108FE000FFE7139808B3FFE71498069013980699C3
:108FF00008630699022081F859000A980999089A8D
:10900000079BDDF848C0069CEE460025CEF80C50C4
:10901000CEF8084005ACCEF80440CEF800C0FDF70D
:10902000E9FF0698FDF75EFD02E000200590FFE7EE
:1090300005980EB0B0BD000081B045F28C20C2F2A0
:109040000000006818B9FFE7012000900DE044F629
:109050000030C2F20000006818B9FFE7022000905B
:1090600002E000200090FFE7FFE7009801B07047A2
:1090700081B045F2C020C2F2000000680090009864
:1090800001B0704780B586B00020029044F60030F1
:10909000C2F200000068002840F0CB80FFE745F2F4
:1090A000C021C2F2000108680130019001980860F7
:1090B000019858BBFFE740F65020C2F2000000685C
:1090C000006858B1FFE74FF0500080F31188BFF3FC
:1090D0006F8FBFF34F8F0590FFE7FEE740F65022FA
:1090E000C2F200021068009040F65821C2F200015E
:1090F000086810600098086045F22821C2F200015B
:10910000086801300860FEF797FA00E0FFE7019871
:1091100045F22421C2F200010968884268D3FFE7C2
:10912000FFE740F65020C2F200000068006840B936
:10913000FFE745F22421C2F200014FF0FF30086042
:1091400055E040F65020C2F200000068C068C068D8
:10915000049004984068039001980399884207D2CC
:10916000FFE7039845F22421C2F2000108603EE0C7
:10917000FFE704980430FEF725FE0498806A28B1C2
:10918000FFE704981830FEF71DFE00E0FFE70498A3
:10919000C06A44F60831C2F200010968884208D961
:1091A000FFE70498C06A44F60831C2F20001086083
:1091B000FFE70499C86A00EB800240F66020C2F223
:1091C000000000EB82000431FEF7A2FE0498C06AA2
:1091D00040F64821C2F200010968C96A884203D3F7
:1091E000FFE70120029000E0FFE7FFE799E7FFE7D4
:1091F00040F64820C2F200000068C06A00EB80011F
:1092000040F66020C2F2000050F82100022803D38B
:10921000FFE70120029000E0FFE745F2CC20C2F218
:109220000000006818B1FFE70120029000E0FFE7AE
:1092300007E045F23421C2F20001086801300860FD
:10924000FFE7029806B080BD80B586B00390039812
:109250000290002001900398002867D0FFE7029851
:1092600040F64821C2F20001096888420BD0FFE7AE
:109270004FF0500080F31188BFF36F8FBFF34F8F13
:109280000590FFE7FEE70298006D58B9FFE74FF041
:10929000500080F31188BFF36F8FBFF34F8F04909E
:1092A000FFE7FEE70299086D013808650299C86A70
:1092B000C96C884238D0FFE70298006D90BBFFE789
:1092C00002980430FEF77EFD08B9FFE700E0FFE7F3
:1092D0000299C86CC8620299C86AC0F138008861F6
:1092E0000298C06A44F60831C2F200010968884257
:1092F00008D9FFE70298C06A44F60831C2F20001BB
:109300000860FFE70299C86A00EB800240F660201F
:10931000C2F2000000EB82000431FEF7F9FD0120EB
:10932000019000E0FFE700E0FFE700E0FFE70198C1
:1093300006B080BD80B584B002900298C068C06855
:109340000190019858B9FFE74FF0500080F3118861
:10935000BFF36F8FBFF34F8F0390FFE7FEE70198D6
:109360001830FEF72FFD44F60030C2F2000000680E
:1093700020BBFFE701980430FEF724FD0198C06A86
:1093800044F60831C2F200010968884208D9FFE7B3
:109390000198C06A44F60831C2F200010860FFE794
:1093A0000199C86A00EB800240F66020C2F200001A
:1093B00000EB82000431FEF7ABFD09E0019800F1FB
:1093C000180145F23820C2F20000FEF7A1FDFFE7C8
:1093D0000198C06A40F64821C2F200010968C96AD2
:1093E000884208D9FFE70120009045F2CC21C2F263
:1093F0000001086002E000200090FFE7009804B040
:1094000080BD000080B584B000200290019044F639
:109410000030C2F20000006858B9FFE74FF050007A
:1094200080F31188BFF36F8FBFF34F8F0390FFE777
:10943000FEE7FEF795FD44F60030C2F20000016839
:10944000013901600068002840F09980FFE744F688
:10945000F820C2F200000068002800F08F80FFE7CB
:10946000FFE745F23820C2F200000068002842D031
:10947000FFE745F23820C2F20000C068C0680290E1
:1094800002981830FEF79EFC02980430FEF79AFC12
:109490000298C06A44F60831C2F2000109688842A5
:1094A00008D9FFE70298C06A44F60831C2F2000109
:1094B0000860FFE70299C86A00EB800240F660206E
:1094C000C2F2000000EB82000431FEF721FD029899
:1094D000C06A40F64821C2F200010968C96A8842A0
:1094E00007D3FFE745F2CC21C2F20001012008605A
:1094F00000E0FFE7B5E7029818B1FFE7FEF79CF838
:10950000FFE745F23420C2F20000006800900098A6
:10951000E0B1FFE7FFE7FFF7B5FD38B1FFE745F240
:10952000CC21C2F200010120086000E0FFE70098B2
:1095300001380090FFE700980028ECD1FFE745F2E2
:109540003421C2F200010020086000E0FFE745F28C
:10955000CC20C2F20000006870B1FFE7012001904A
:109560004EF60451CEF200014FF080500860BFF378
:109570004F8FBFF36F8F00E0FFE7FFE700E0FFE7EB
:10958000FEF71AFD019804B080BD000080B58AB0D6
:1095900000200890FDF738FB45F2C420C2F200001D
:1095A000006858B3FFE7002004900790069007A8D2
:1095B00006A905AAFEF740FC049B059A0698DDF86B
:1095C0001CC06946C1F808C048600220086047F224
:1095D000E570C0F6000049F6F921C0F60001FFF77A
:1095E000C3FC014645F2C820C2F2000001600068D9
:1095F00018B1FFE701200890FFE700E0FFE70898B7
:1096000058B9FFE74FF0500080F31188BFF36F8F18
:10961000BFF34F8F0990FFE7FEE708980AB080BDBF
:1096200080B58AB0DDF830C00890079106920593A6
:1096300000200490089858B9FFE74FF0500080F3DD
:109640001188BFF36F8FBFF34F8F0990FFE7FEE7DD
:1096500045F2C420C2F200000068A8B3FFE70798F3
:1096600000900698019008980290079805281EDC43
:10967000FFE7FFF7E1FC02280CD1FFE745F2C42029
:10968000C2F2000000680C9A69460023FFF70CF94B
:1096900004900BE045F2C420C2F200000068694665
:1096A00000231A46FFF700F90490FFE70BE045F2AC
:1096B000C420C2F200000068059A69460023FFF743
:1096C00009FA0490FFE700E0FFE704980AB080BDC4
:1096D000491058BFC1F140415B1058BFC3F140432E
:1096E0008B42EFF30080704751EA030C17D41CF54E
:1096F000801F58BFBCF5801F00F10680994218BF3B
:10970000704708BF9042704707D711F5801F58BFB8
:1097100013F5801F19D499427047894270471CF590
:10972000801F08D5BCF5801FF7D58B4218BF704746
:1097300008BF824270474FF4001C1CEB410F38BF3A
:109740001CEB430F01D28B42704770B500F080F8DC
:10975000922449004FF000514FF08053FFF7B8BFFB
:1097600051EA030C17D41CF5801F58BFBCF5801FAD
:1097700000F10680994218BF704708BF90427047B9
:1097800007D711F5801F58BF13F5801F19D49942D0
:109790007047894270471CF5801F08D5BCF5801FB3
:1097A000F7D58B4218BF704708BF824270474FF40D
:1097B000001C1CEB410F38BF1CEB430F01D28B4246
:1097C000704770B500F044F8922449004FF0805182
:1097D0004FF00053FFF77CBF51EA030C17D41CF580
:1097E000801F58BFBCF5801F00F10680994218BF4A
:1097F000704708BF9042704707D711F5801F58BFC8
:1098000013F5801F19D499427047894270471CF59F
:10981000801F08D5BCF5801FF7D58B4218BF704755
:1098200008BF824270474FF4001C1CEB410F38BF49
:109830001CEB430F01D28B42704770B500F008F863
:10984000922449004FF000514FF08053FFF740BF82
:109850000EF1020E2EF0030E5EF8046B364205D4B4
:10986000012A43EB030515F5001F12D8012841EB2F
:10987000010C1CF5001F0CD80ED14FEAD17C0CEB6B
:109880004C0C0CF1020C15F5001F08BF4CEBD37CFF
:1098900004E04FF0080C01E04FEAD37C0CEB4C05E0
:1098A00026FA05F606F00706B6F1040C06D20EEB12
:1098B000860CBDE870404CF0010C6047DFE80CF00E
:1098C000090B02024FF00041A1F500214FF000000A
:1098D00070BD19461046012851EB010418BFD4F59C
:1098E000001484BF002001F0004170BD0808A0F5FD
:1098F00000114FEA3101704743004FEAD30C4FEAA1
:109900003C0C43401FBF40070CF1605113F0FE4F69
:1099100070471CF0006F03D10CF00041002070472D
:109920000CF0004343EA507040EACC0010B500F060
:1099300038F800BF000000924FEA0001FFF7D6BFE1
:109940004FF00041A1F500214FF00000704710B525
:10995000FFF7CAFE0CBF0120002010BD10B5FFF7B5
:10996000C3FE14BF0120002010BD10B5FFF7F8FEA4
:109970008CBF0120002010BD10B5FFF7F1FE2CBFF9
:109980000120002010BD10B5FFF726FF94BF012075
:10999000002010BD10B5FFF71FFF34BF01200020CD
:1099A00010BD0EF1020E2EF0030E5EF8044B2442A1
:1099B00004D44FEA4102B2F17F4F11D84FEA40037D
:1099C000B3F17F4F0CD80ED14FEAD07C0CEB4C0C8E
:1099D0000CF1020CB2F17F4F08BF4CEBD17C04E0DC
:1099E0004FF0080C01E04FEAD17C0CEB4C0324FA59
:1099F00003F404F00704B4F1040C06D20EEB840C5B
:109A0000BDE810404CF0010C6047DFE80CF007089F
:109A100002024FF00040A0F5800010BD0846420051
:109A200018BFD2F1807288BF00F0004010BDF1EE87
:109A3000100A4FF6FF71C0F2C03120EA010040F079
:109A40004070E1EE100A70470000000000000000C6
:109A500001020304060708090000000001020304D4
:109A6000DD9A000800000000000000000000000077
:109A700000000000000200001800000000000000CC
:109A800000000000E69A000800000000000000004E
:109A900000000000000000000002000018000000AC
:109AA000000000000000000000061016000610165E
:109AB000D59A00080000000000000000000000002F
:109AC000000000000002000018000000000000007C
:109AD00000000000004C65645461736B00426565D2
:109AE000705461736B00436C61775461736B004910
:109AF000444C4500546D725100546D72205376638E
:109B000000000000289B000800000020100000005A
:109B1000EC010008389B000810000020C05E000027
:109B20000C020008000000000024F4000100000006
:089B300010000000AAAAAAAA75
:040000050800018965
:00000001FF
